key	translation_zh
a2_severin_6.wav	塞弗林：莱恩，听得到吗？
a2_severin_21.wav	塞弗林：街头传闻失踪人数暴涨，好像街上的流浪汉全掉进了地洞。
a2_rayne_8.wav	莱恩：我就知道。不管怎样，真正的动静在街上，得想办法出去。
a2_minion1_9.wav	喽啰：这鬼地方真是破得要命。
a2_minion1_10.wav	喽啰：这种破地方流浪汉多着呢。给老太婆多抓些血袋，闭嘴把人赶出来！
a2_minion1_11.wav	喽啰：天哪，什么味儿？
a2_minion1_12.wav	喽啰：去他的！回卡车那儿吧，这里没人了。
a2_minion1_13.wav	喽啰：把其他人叫回雷雷肉联厂，我们装货。
a2_minion1_18.wav	喽啰：那是什么鬼东西？
a2_minion1_16.wav	喽啰：关你什么事？不过是……啊！
a2_minion1_14.wav	喽啰：哈！我也要玩！
a2_rayne_15.wav	莱恩：塞弗林，你看到了吗？这里肯定有人活动过。
a2_severin_13.wav	塞弗林：他们不可能跑得那么快。莱恩，我觉得你可能……
a2_rayne_17.wav	莱恩：就这点本事？有种下来亲自跟我打！
a2_severin_14.wav	塞弗林：莱恩，别过去，肯定是陷阱。我探测到屋顶上藏着很多手下。你该做的已经做了，另找条路上街，别追他了。
a2_rayne_18.wav	莱恩：不。我能收拾这个混蛋，连他带来的人一起。通话结束。
a2_rayne_21.wav	莱恩：该死，差一点就抓到那垃圾了！这些半吸血鬼似乎负责整个行动，我开始火大了。
a2_severin_16.wav	塞弗林：别管他了。街上出事了：警察正在遭屠杀。这帮家伙似乎在收拾东西撤离。
a2_severin_19a.wav	塞弗林：听着，我在前面那座旧中心街车站。他们好像把平民都赶到这里。
a2_rayne_31.wav	莱恩：真见鬼。
a3s3_lminion1_1.wav	搞什么鬼！炉子怎么回事？
a3s3_lminion1_2.wav	管道堵了！叫炼制车间的人别再往里倒了！
a3s3_lminion1_3.wav	再进来一个死瘾君子，电机就要卡死了。
a3s3_lminion2_1.wav	关掉它！关机！几分钟后泵就能把罐子抽空。
a3s3_lminion2_2.wav	警报灯一灭就能重新启动。
a3s3_lminion2_3.wav	该死！我说关掉系统！要是泵清不空罐子，整台机器都要炸！
a3s3_lminion2_4.wav	泵清不空罐子，整台机器都要炸！
a3s3_lminion2_5.wav	快关掉！电机要坏了。
a3s3_lminion2_6.wav	电机功率到临界点了！快拉开关！
a3s3_lminion1_4.wav	就是这样！
a3s3_lminion2_7.wav	要炸了！快逃！
a2s1_civilian_1.wav	不！求你了！谁来救救我！
a2s4_rayne_22.wav	莱恩：这就是我们拿到“M”级分级的原因。没错，就是这里。
ost_tute_pole45	按@moveAxisForward@@沿竖杆上下移动
ost_tute_style3	锁定金属容器（@@lockOnButtonName@@），用枪或鱼叉将它击落。
a3_punk1_01	电机快要过载了！叫他们停下传送带！这东西撑不住了！
a3_punk1_02	这是最后一批了。把起重机开走，再锁上大门。
ost_loading_desc	暴徒将最后一批人丢进滑槽。
ost_ferrilappear_desc	费里尔现身挑战！
ost_ferrilflee_desc	费里尔吃惊地逃走了。她没想到莱恩这么难对付。
ost_ferrilfight_desc	费里尔准备决战。
a1s2_ephemera_5.wav	嘿！
a2s2_rayne_51.wav	莱恩：是啊。
a4s3_kagan_14.wav	卡根：只有我拥有这种力量！
