audio_name	asr_en	duration_sec	review
SOUND\A2S3_FFMINION112.WAV	Here she comes. Steady, steady. Now, do it, blow her the hell.	5.62	ASR only; confirm before translation
SOUND\A2S3_FFMINION116.WAV	Spider, dammit!	1.16	ASR only; confirm before translation
SOUND\A2S3_FFMINION117.WAV	Let's see you outrun this!	1.8	ASR only; confirm before translation
SOUND\A2S3_FMINION1_16.WAV	AHHHHHHHHHHHHHH	2.4	ASR only; confirm before translation
SOUND\A2S3_FMINION2_21.WAV	Are you out of your mind? I don't wanna get in there!	3.33	ASR only; confirm before translation
SOUND\A2S3_KESTRELL_29.WAV	Oh, I'm gonna teach you this. Pretty can be cut off, too. You learn that fast, all right.	7.91	ASR only; confirm before translation
SOUND\A2S3_RAYNE_10.WAV	Thanks, you'll be the first to know.	1.83	ASR only; confirm before translation
SOUND\A2S3_RAYNE_12.WAV	I'm okay, I just gotta figure out the best way through.	2.24	ASR only; confirm before translation
SOUND\A2S3_RAYNE_13.WAV	Oh, yeah. Check it out, Severin. New toys. Hi, baby.	4.11	ASR only; confirm before translation
SOUND\A2S3_RAYNE_17.WAV	Mmm, the smell of gunpowder.	2.71	ASR only; confirm before translation
SOUND\A2S3_RAYNE_18.WAV	Automatic weapons, the next best thing to break in glass.	3.38	ASR only; confirm before translation
SOUND\A2S3_RAYNE_19.WAV	Oh, you have no idea.	1.93	ASR only; confirm before translation
SOUND\A2S3_RAYNE_20.WAV	I'm sorry, fellas. It isn't you, it's me. You know I'd take you with me if I could. No, no, just look away.	6.41	ASR only; confirm before translation
SOUND\A2S3_RAYNE_29.WAV	Yow! They might not talk, but they sure can yodel. Guess even immortal life looks pretty measly when you're staring down the business end of a bomb.	7.08	ASR only; confirm before translation
SOUND\A2S3_RAYNE_36.WAV	just need a few volunteers from the audience.	2.33	ASR only; confirm before translation
SOUND\A2S3_RAYNE_6.WAV	I couldn't tell ya, it's in the old tongue, vampirish. The older vampires in damn fair still use it, just to be snobby.	6.94	ASR only; confirm before translation
SOUND\A2S3_RAYNE_8.WAV	Nah, I took French.	1.58	ASR only; confirm before translation
SOUND\A2S3_RAYNE_9.WAV	doesn't seem to be. I think I'm moving towards it.	3.54	ASR only; confirm before translation
SOUND\A2S3_SEVERIN_11.WAV	It certainly does. What's it saying?	2.28	ASR only; confirm before translation
SOUND\A2S3_SEVERIN_12.WAV	you never learned it	1.0	ASR only; confirm before translation
SOUND\A2S3_SEVERIN_13.WAV	Is it moving towards you?	1.1	ASR only; confirm before translation
SOUND\A2S3_SEVERIN_14.WAV	tell me when you find it	1.13	ASR only; confirm before translation
SOUND\A2S3_SEVERIN_15.WAV	Sounds rough down there.	1.31	ASR only; confirm before translation
SOUND\A2S3_SEVERIN_16.WAV	I accessed the city sewer system, got maps, pump schedules, the whole bit.	3.79	ASR only; confirm before translation
SOUND\A2S3_SEVERIN_17.WAV	I'll follow your course above ground.	1.45	ASR only; confirm before translation
SOUND\A2S3_SEVERIN_20.WAV	You seem to have a way with those, Ryan.	2.0	ASR only; confirm before translation
SOUND\A2S3_SEVERIN_21.WAV	Somehow I think you had a slight advantage in that fight.	2.9	ASR only; confirm before translation
SOUND\A2S3_SEVERIN_22.WAV	Well, that must have been satisfying.	1.62	ASR only; confirm before translation
SOUND\A2S3_SEVERIN_27.WAV	Was that it? Sounds like a hole.	1.68	ASR only; confirm before translation
SOUND\A2S3_SEVERIN_28.WAV	Take that access tunnel to another water treatment substation.	2.65	ASR only; confirm before translation
SOUND\A2S3_SEVERIN_4.WAV	Whatever the cult is doing, they're going for broke. They've blown any cover they ever had.	4.09	ASR only; confirm before translation
SOUND\A2S3_SEVERIN_5.WAV	Whatever the cult is doing, they're going for broke. They've blown any cover they ever had.	4.04	ASR only; confirm before translation
SOUND\A2S3_SEVERIN_54.WAV	Nah, just keep going that way. What can hurt you?	3.19	ASR only; confirm before translation
SOUND\A2S3_SLEZZ1.WAV	I'm on duty and I'm on duty, to the moon! Time to meet, let's give this moon a plow!	12.29	ASR only; confirm before translation
SOUND\A2S3_SLEZZ10.WAV	i am not a good guy i am a bad guy i am not a bad guy i am not a bad guy i am a bad guy	12.5	ASR only; confirm before translation
SOUND\A2S3_SLEZZ11.WAV	Nazar! Nazar!	11.0	ASR only; confirm before translation
SOUND\A2S3_SLEZZ3.WAV	Some of some things you don't have to do I starve in my sack of food	11.27	ASR only; confirm before translation
SOUND\A2S3_SLEZZ4.WAV	There's nothing less, just as much as we do. We are not bad.	12.21	ASR only; confirm before translation
SOUND\A2S3_SLEZZ4B2.WAV	There's nothing that's less, just this mouthful of stress, waiting for the way of the bed.	12.81	ASR only; confirm before translation
SOUND\A2S3_SLEZZ6.WAV	Now to sleep. Freshly. Time. Now to sleep. Freshly.	15.13	ASR only; confirm before translation
SOUND\A2S3_SLEZZ7.WAV	APPROACH IN RACKETS AND TERRIFIES! We wish you good luck! Good luck, Pristess! We are number 4!	13.99	ASR only; confirm before translation
SOUND\A2S3_SLEZZ8.WAV	What have you done with them? What have you done with them?	15.43	ASR only; confirm before translation
SOUND\A2S3_SLEZZ8B.WAV	What have you done with them?	15.43	ASR only; confirm before translation
SOUND\A2S3_SLEZZ9.WAV	When are my children?	9.84	ASR only; confirm before translation
SOUND\A5S1_RAYNE_1.WAV	They must have been working on these bio-mic things quite a lot.	2.73	ASR only; confirm before translation
SOUND\A5S1_RAYNE_2.WAV	Holy crap, Severin. There's an entire room filled with these things.	3.54	ASR only; confirm before translation
SOUND\A5S1_RAYNE_3.WAV	Remember those biomech experiments from before, Severin? Turns out they were successful.	4.73	ASR only; confirm before translation
SOUND\A5S1_SEVERIN_1.WAV	Let's just hope they were all failed attempts.	1.75	ASR only; confirm before translation
SOUND\A5S1_SEVERIN_2.WAV	Let's just hope they were all failed attempts.	1.77	ASR only; confirm before translation
SOUND\A5S1_SEVERIN_3.WAV	A helicopter's just crashed into the building near your location, Rain. Watch out for secondary explosions.	5.0	ASR only; confirm before translation
SOUND\A5S3_RAYNE_20.WAV	This shroud is tearing up my lungs. I don't think I can be up here for long.	6.26	ASR only; confirm before translation
SOUND\A5S3_RAYNE_38.WAV	That got it. One down, three to go.	2.99	ASR only; confirm before translation
SOUND\A5S3_RAYNE_57.WAV	I think I've made it to the top of this thing, but the tower still seems to be belching out smoke.	4.78	ASR only; confirm before translation
SOUND\A5S3_RAYNE_6.WAV	No problem. This thing will be out of order in no time.	3.0	ASR only; confirm before translation
SOUND\A5S3_RAYNE_79.WAV	She's really tough. I don't think I'm even hurting her at all	3.46	ASR only; confirm before translation
SOUND\A5S3_RAYNE_9.WAV	He seems to be dependent on some sort of cocoon. He climbs up and down like a spider.	4.64	ASR only; confirm before translation
SOUND\A5S3_SEVERIN_15.WAV	Rain, harpoon those bombers out of the air and toss them back out of.	3.05	ASR only; confirm before translation
SOUND\A5S3_SEVERIN_16.WAV	When you need to drop below the Shroud level and feed on some of Ferrell's minions, keep your health up. You've got to destroy that tower!	7.21	ASR only; confirm before translation
SOUND\A5S3_SEVERIN_2.WAV	Rain, they probably have backup systems working somewhere up there on the summit. You'll need to locate those and take them out.	6.17	ASR only; confirm before translation
SOUND\A5S3_SEVERIN_35.WAV	Don't let vengeance get in the way, Reign. Your first priority needs to be to stop this tower. Then you can take care of Feral.	6.0	ASR only; confirm before translation
