cue_id	cue_prefix	meaning_hint	english_wav_count	sample_files	status
0	Rayne_Alert	其他战斗/反应语音	10	RAYNE_ALERT_1.WAV; RAYNE_ALERT_10.WAV; RAYNE_ALERT_11.WAV; RAYNE_ALERT_2.WAV; RAYNE_ALERT_3.WAV; RAYNE_ALERT_4.WAV; RAYNE_ALERT_5.WAV; RAYNE_ALERT_6.WAV; RAYNE_ALERT_7.WAV; RAYNE_ALERT_9.WAV	有英语音频；台词需人工确认
1	Rayne_AmbientKagTower	关卡环境自言自语	0		此音频包未找到匹配 WAV
2	Rayne_AmbientMansion	关卡环境自言自语	4	RAYNE_AMBIENTMANSION_1.WAV; RAYNE_AMBIENTMANSION_5.WAV; RAYNE_AMBIENTMANSION_7.WAV; RAYNE_AMBIENTMANSION_8.WAV	有英语音频；台词需人工确认
3	Rayne_AmbientMeatpack	关卡环境自言自语	7	RAYNE_AMBIENTMEATPACK_1.WAV; RAYNE_AMBIENTMEATPACK_2.WAV; RAYNE_AMBIENTMEATPACK_3.WAV; RAYNE_AMBIENTMEATPACK_4.WAV; RAYNE_AMBIENTMEATPACK_5.WAV; RAYNE_AMBIENTMEATPACK_6.WAV; RAYNE_AMBIENTMEATPACK_7.WAV	有英语音频；台词需人工确认
4	Rayne_AmbientPark	关卡环境自言自语	7	RAYNE_AMBIENTPARK_1.WAV; RAYNE_AMBIENTPARK_2.WAV; RAYNE_AMBIENTPARK_3.WAV; RAYNE_AMBIENTPARK_4.WAV; RAYNE_AMBIENTPARK_5.WAV; RAYNE_AMBIENTPARK_6.WAV; RAYNE_AMBIENTPARK_7.WAV	有英语音频；台词需人工确认
5	Rayne_AmbientSewers	关卡环境自言自语	8	RAYNE_AMBIENTSEWERS_1.WAV; RAYNE_AMBIENTSEWERS_2.WAV; RAYNE_AMBIENTSEWERS_3.WAV; RAYNE_AMBIENTSEWERS_4.WAV; RAYNE_AMBIENTSEWERS_5.WAV; RAYNE_AMBIENTSEWERS_6.WAV; RAYNE_AMBIENTSEWERS_7.WAV; RAYNE_AMBIENTSEWERS_8.WAV	有英语音频；台词需人工确认
6	Rayne_AmbientShroud	关卡环境自言自语	6	RAYNE_AMBIENTSHROUD_1.WAV; RAYNE_AMBIENTSHROUD_2.WAV; RAYNE_AMBIENTSHROUD_3.WAV; RAYNE_AMBIENTSHROUD_4.WAV; RAYNE_AMBIENTSHROUD_5.WAV; RAYNE_AMBIENTSHROUD_6.WAV	有英语音频；台词需人工确认
7	Rayne_AmbientUnion	关卡环境自言自语	5	RAYNE_AMBIENTUNION_1.WAV; RAYNE_AMBIENTUNION_2.WAV; RAYNE_AMBIENTUNION_3.WAV; RAYNE_AMBIENTUNION_4.WAV; RAYNE_AMBIENTUNION_5.WAV	有英语音频；台词需人工确认
8	Rayne_AmbientWetworks	关卡环境自言自语	0		此音频包未找到匹配 WAV
9	Rayne_AttackBlade	攻击时语音	6	RAYNE_ATTACKBLADE_1.WAV; RAYNE_ATTACKBLADE_10.WAV; RAYNE_ATTACKBLADE_11.WAV; RAYNE_ATTACKBLADE_13.WAV; RAYNE_ATTACKBLADE_3.WAV; RAYNE_ATTACKBLADE_6.WAV	有英语音频；台词需人工确认
10	Rayne_AttackGun	攻击时语音	0		此音频包未找到匹配 WAV
11	Rayne_AttackHarpoon	攻击时语音	0		此音频包未找到匹配 WAV
12	Rayne_AttackKick	攻击时语音	13	RAYNE_ATTACKKICK_1.WAV; RAYNE_ATTACKKICK_10.WAV; RAYNE_ATTACKKICK_11.WAV; RAYNE_ATTACKKICK_12.WAV; RAYNE_ATTACKKICK_13.WAV; RAYNE_ATTACKKICK_14.WAV; RAYNE_ATTACKKICK_3.WAV; RAYNE_ATTACKKICK_4.WAV; RAYNE_ATTACKKICK_5.WAV; RAYNE_ATTACKKICK_6.WAV; RAYNE_ATTACKKICK_7.WAV; RAYNE_ATTACKKICK_8.WAV; RAYNE_ATTACKKICK_9.WAV	有英语音频；台词需人工确认
13	Rayne_Die	死亡时语音	3	RAYNE_DIE_1.WAV; RAYNE_DIE_2.WAV; RAYNE_DIE_3.WAV	有英语音频；台词需人工确认
14	Rayne_Dismember	其他战斗/反应语音	10	RAYNE_DISMEMBER_1.WAV; RAYNE_DISMEMBER_10.WAV; RAYNE_DISMEMBER_12.WAV; RAYNE_DISMEMBER_3.WAV; RAYNE_DISMEMBER_4.WAV; RAYNE_DISMEMBER_5.WAV; RAYNE_DISMEMBER_6.WAV; RAYNE_DISMEMBER_7.WAV; RAYNE_DISMEMBER_8.WAV; RAYNE_DISMEMBER_9.WAV	有英语音频；台词需人工确认
15	Rayne_Drown	其他战斗/反应语音	0		此音频包未找到匹配 WAV
16	Rayne_Elude	闪避/回避语音	0		此音频包未找到匹配 WAV
17	Rayne_EphemeraAttack	攻击时语音	3	RAYNE_EPHEMERAATTACK_1.WAV; RAYNE_EPHEMERAATTACK_2.WAV; RAYNE_EPHEMERAATTACK_3.WAV	有英语音频；台词需人工确认
18	Rayne_EphemeraDie	死亡时语音	1	RAYNE_EPHEMERADIE_1.WAV	有英语音频；台词需人工确认
19	Rayne_EphemeraElude	闪避/回避语音	6	RAYNE_EPHEMERAELUDE_1.WAV; RAYNE_EPHEMERAELUDE_2.WAV; RAYNE_EPHEMERAELUDE_3.WAV; RAYNE_EPHEMERAELUDE_4.WAV; RAYNE_EPHEMERAELUDE_5.WAV; RAYNE_EPHEMERAELUDE_6.WAV	有英语音频；台词需人工确认
20	Rayne_EphemeraGetHurt	受伤时语音	0		此音频包未找到匹配 WAV
21	Rayne_EphemeraKill	击杀时语音	1	RAYNE_EPHEMERAKILL_1.WAV	有英语音频；台词需人工确认
22	Rayne_EphemeraTaunt	嘲讽/战斗自言自语	9	RAYNE_EPHEMERATAUNT_10.WAV; RAYNE_EPHEMERATAUNT_2.WAV; RAYNE_EPHEMERATAUNT_3.WAV; RAYNE_EPHEMERATAUNT_4.WAV; RAYNE_EPHEMERATAUNT_5.WAV; RAYNE_EPHEMERATAUNT_6.WAV; RAYNE_EPHEMERATAUNT_7.WAV; RAYNE_EPHEMERATAUNT_8.WAV; RAYNE_EPHEMERATAUNT_9.WAV	有英语音频；台词需人工确认
23	Rayne_Feed	其他战斗/反应语音	10	RAYNE_FEED_0.WAV; RAYNE_FEED_1.WAV; RAYNE_FEED_2.WAV; RAYNE_FEED_3.WAV; RAYNE_FEED_4.WAV; RAYNE_FEED_5.WAV; RAYNE_FEED_6.WAV; RAYNE_FEED_7.WAV; RAYNE_FEED_8.WAV; RAYNE_FEED_9.WAV	有英语音频；台词需人工确认
24	Rayne_FerrilAttack	攻击时语音	3	RAYNE_FERRILATTACK_1.WAV; RAYNE_FERRILATTACK_2.WAV; RAYNE_FERRILATTACK_3.WAV	有英语音频；台词需人工确认
25	Rayne_FerrilDie	死亡时语音	1	RAYNE_FERRILDIE_1.WAV	有英语音频；台词需人工确认
26	Rayne_FerrilElude	闪避/回避语音	4	RAYNE_FERRILELUDE_1.WAV; RAYNE_FERRILELUDE_2.WAV; RAYNE_FERRILELUDE_3.WAV; RAYNE_FERRILELUDE_5.WAV	有英语音频；台词需人工确认
27	Rayne_FerrilGetHurt	受伤时语音	11	RAYNE_FERRILGETHURT_1.WAV; RAYNE_FERRILGETHURT_10.WAV; RAYNE_FERRILGETHURT_11.WAV; RAYNE_FERRILGETHURT_2.WAV; RAYNE_FERRILGETHURT_3.WAV; RAYNE_FERRILGETHURT_4.WAV; RAYNE_FERRILGETHURT_5.WAV; RAYNE_FERRILGETHURT_6.WAV; RAYNE_FERRILGETHURT_7.WAV; RAYNE_FERRILGETHURT_8.WAV; RAYNE_FERRILGETHURT_9.WAV	有英语音频；台词需人工确认
28	Rayne_FerrilKill	击杀时语音	1	RAYNE_FERRILKILL_1.WAV	有英语音频；台词需人工确认
29	Rayne_FerrilTaunt	嘲讽/战斗自言自语	6	RAYNE_FERRILTAUNT_1.WAV; RAYNE_FERRILTAUNT_2.WAV; RAYNE_FERRILTAUNT_3.WAV; RAYNE_FERRILTAUNT_4.WAV; RAYNE_FERRILTAUNT_5.WAV; RAYNE_FERRILTAUNT_6.WAV	有英语音频；台词需人工确认
30	Rayne_GetHurt	受伤时语音	11	RAYNE_GETHURT_1.WAV; RAYNE_GETHURT_10.WAV; RAYNE_GETHURT_11.WAV; RAYNE_GETHURT_2.WAV; RAYNE_GETHURT_3.WAV; RAYNE_GETHURT_4.WAV; RAYNE_GETHURT_5.WAV; RAYNE_GETHURT_6.WAV; RAYNE_GETHURT_7.WAV; RAYNE_GETHURT_8.WAV; RAYNE_GETHURT_9.WAV	有英语音频；台词需人工确认
31	Rayne_HintGunDrain	战斗/状态提示	3	RAYNE_HINTGUNDRAIN_2.WAV; RAYNE_HINTGUNDRAIN_6.WAV; RAYNE_HINTGUNDRAIN_7.WAV	有英语音频；台词需人工确认
32	Rayne_HintHurtBad	战斗/状态提示	3	RAYNE_HINTHURTBAD_1.WAV; RAYNE_HINTHURTBAD_2.WAV; RAYNE_HINTHURTBAD_3.WAV	有英语音频；台词需人工确认
33	Rayne_HintNeedRage	战斗/状态提示	0		此音频包未找到匹配 WAV
34	Rayne_KaganAttack	攻击时语音	7	RAYNE_KAGANATTACK_1.WAV; RAYNE_KAGANATTACK_2.WAV; RAYNE_KAGANATTACK_3.WAV; RAYNE_KAGANATTACK_4.WAV; RAYNE_KAGANATTACK_5.WAV; RAYNE_KAGANATTACK_7.WAV; RAYNE_KAGANATTACK_8.WAV	有英语音频；台词需人工确认
35	Rayne_KaganDie	死亡时语音	0		此音频包未找到匹配 WAV
36	Rayne_KaganElude	闪避/回避语音	4	RAYNE_KAGANELUDE_1.WAV; RAYNE_KAGANELUDE_2.WAV; RAYNE_KAGANELUDE_4.WAV; RAYNE_KAGANELUDE_5.WAV	有英语音频；台词需人工确认
37	Rayne_KaganGetHurt	受伤时语音	13	RAYNE_KAGANGETHURT_1.WAV; RAYNE_KAGANGETHURT_10.WAV; RAYNE_KAGANGETHURT_11.WAV; RAYNE_KAGANGETHURT_12.WAV; RAYNE_KAGANGETHURT_13.WAV; RAYNE_KAGANGETHURT_2.WAV; RAYNE_KAGANGETHURT_3.WAV; RAYNE_KAGANGETHURT_4.WAV; RAYNE_KAGANGETHURT_5.WAV; RAYNE_KAGANGETHURT_6.WAV; RAYNE_KAGANGETHURT_7.WAV; RAYNE_KAGANGETHURT_8.WAV; RAYNE_KAGANGETHURT_9.WAV	有英语音频；台词需人工确认
38	Rayne_KaganKill	击杀时语音	0		此音频包未找到匹配 WAV
39	Rayne_KaganTaunt	嘲讽/战斗自言自语	6	RAYNE_KAGANTAUNT_1.WAV; RAYNE_KAGANTAUNT_2.WAV; RAYNE_KAGANTAUNT_3.WAV; RAYNE_KAGANTAUNT_4.WAV; RAYNE_KAGANTAUNT_5.WAV; RAYNE_KAGANTAUNT_6.WAV	有英语音频；台词需人工确认
40	Rayne_Kill	击杀时语音	10	RAYNE_KILL_1.WAV; RAYNE_KILL_10.WAV; RAYNE_KILL_2.WAV; RAYNE_KILL_3.WAV; RAYNE_KILL_4.WAV; RAYNE_KILL_5.WAV; RAYNE_KILL_6.WAV; RAYNE_KILL_7.WAV; RAYNE_KILL_8.WAV; RAYNE_KILL_9.WAV	有英语音频；台词需人工确认
41	Rayne_OnFire	其他战斗/反应语音	12	RAYNE_ONFIRE_1.WAV; RAYNE_ONFIRE_10.WAV; RAYNE_ONFIRE_11.WAV; RAYNE_ONFIRE_12.WAV; RAYNE_ONFIRE_2.WAV; RAYNE_ONFIRE_3.WAV; RAYNE_ONFIRE_4.WAV; RAYNE_ONFIRE_5.WAV; RAYNE_ONFIRE_6.WAV; RAYNE_ONFIRE_7.WAV; RAYNE_ONFIRE_8.WAV; RAYNE_ONFIRE_9.WAV	有英语音频；台词需人工确认
42	Rayne_Shocked	其他战斗/反应语音	4	RAYNE_SHOCKED_1.WAV; RAYNE_SHOCKED_2.WAV; RAYNE_SHOCKED_3.WAV; RAYNE_SHOCKED_4.WAV	有英语音频；台词需人工确认
43	Rayne_SlezzAttack	攻击时语音	3	RAYNE_SLEZZATTACK_1.WAV; RAYNE_SLEZZATTACK_2.WAV; RAYNE_SLEZZATTACK_3.WAV	有英语音频；台词需人工确认
44	Rayne_SlezzDie	死亡时语音	1	RAYNE_SLEZZDIE_1.WAV	有英语音频；台词需人工确认
45	Rayne_SlezzElude	闪避/回避语音	0		此音频包未找到匹配 WAV
46	Rayne_SlezzGetHurt	受伤时语音	11	RAYNE_SLEZZGETHURT_1.WAV; RAYNE_SLEZZGETHURT_10.WAV; RAYNE_SLEZZGETHURT_11.WAV; RAYNE_SLEZZGETHURT_2.WAV; RAYNE_SLEZZGETHURT_3.WAV; RAYNE_SLEZZGETHURT_4.WAV; RAYNE_SLEZZGETHURT_5.WAV; RAYNE_SLEZZGETHURT_6.WAV; RAYNE_SLEZZGETHURT_7.WAV; RAYNE_SLEZZGETHURT_8.WAV; RAYNE_SLEZZGETHURT_9.WAV	有英语音频；台词需人工确认
47	Rayne_SlezzKill	击杀时语音	1	RAYNE_SLEZZKILL_1.WAV	有英语音频；台词需人工确认
48	Rayne_SlezzTaunt	嘲讽/战斗自言自语	3	RAYNE_SLEZZTAUNT_1.WAV; RAYNE_SLEZZTAUNT_2.WAV; RAYNE_SLEZZTAUNT_3.WAV	有英语音频；台词需人工确认
49	Rayne_Surprise	其他战斗/反应语音	0		此音频包未找到匹配 WAV
50	Rayne_Taunt	嘲讽/战斗自言自语	3	RAYNE_TAUNT_1.WAV; RAYNE_TAUNT_2.WAV; RAYNE_TAUNT_3.WAV	有英语音频；台词需人工确认
51	Rayne_UnravelerDie	死亡时语音	0		此音频包未找到匹配 WAV
52	Rayne_UnravelerGetHurt	受伤时语音	0		此音频包未找到匹配 WAV
53	Rayne_UnravelerKill	击杀时语音	0		此音频包未找到匹配 WAV
54	Rayne_UnravelerTaunt	嘲讽/战斗自言自语	0		此音频包未找到匹配 WAV
55	Rayne_Guns	状态/操作语音类别	0		此音频包未找到匹配 WAV
56	Rayne_Health	状态/操作语音类别	0		此音频包未找到匹配 WAV
57	Rayne_Kick	状态/操作语音类别	0		此音频包未找到匹配 WAV
58	Rayne_Rage	状态/操作语音类别	0		此音频包未找到匹配 WAV
59	Rayne_XerxBDie	死亡时语音	0		此音频包未找到匹配 WAV
60	Rayne_XerxBGetHurt	受伤时语音	4	RAYNE_XERXBGETHURT_1.WAV; RAYNE_XERXBGETHURT_2.WAV; RAYNE_XERXBGETHURT_3.WAV; RAYNE_XERXBGETHURT_4.WAV	有英语音频；台词需人工确认
61	Rayne_XerxBTaunt	嘲讽/战斗自言自语	5	RAYNE_XERXBTAUNT_1.WAV; RAYNE_XERXBTAUNT_2.WAV; RAYNE_XERXBTAUNT_3.WAV; RAYNE_XERXBTAUNT_4.WAV; RAYNE_XERXBTAUNT_5.WAV	有英语音频；台词需人工确认
62	Rayne_XerxBDie	死亡时语音	0		此音频包未找到匹配 WAV
63	Rayne_XerxBGetHurt	受伤时语音	4	RAYNE_XERXBGETHURT_1.WAV; RAYNE_XERXBGETHURT_2.WAV; RAYNE_XERXBGETHURT_3.WAV; RAYNE_XERXBGETHURT_4.WAV	有英语音频；台词需人工确认
64	Rayne_XerxBTaunt	嘲讽/战斗自言自语	5	RAYNE_XERXBTAUNT_1.WAV; RAYNE_XERXBTAUNT_2.WAV; RAYNE_XERXBTAUNT_3.WAV; RAYNE_XERXBTAUNT_4.WAV; RAYNE_XERXBTAUNT_5.WAV	有英语音频；台词需人工确认
65	Rayne_ZerenskiAttack	攻击时语音	4	RAYNE_ZERENSKIATTACK_1.WAV; RAYNE_ZERENSKIATTACK_2.WAV; RAYNE_ZERENSKIATTACK_3.WAV; RAYNE_ZERENSKIATTACK_4.WAV	有英语音频；台词需人工确认
66	Rayne_ZerenskiDie	死亡时语音	0		此音频包未找到匹配 WAV
67	Rayne_ZerenskiElude	闪避/回避语音	4	RAYNE_ZERENSKIELUDE_1.WAV; RAYNE_ZERENSKIELUDE_2.WAV; RAYNE_ZERENSKIELUDE_3.WAV; RAYNE_ZERENSKIELUDE_4.WAV	有英语音频；台词需人工确认
68	Rayne_ZerenskiGetHurt	受伤时语音	1	RAYNE_ZERENSKIGETHURT_6.WAV	有英语音频；台词需人工确认
69	Rayne_ZerenskiKill	击杀时语音	1	RAYNE_ZERENSKIKILL_1.WAV	有英语音频；台词需人工确认
70	Rayne_ZerenskiShootBat	其他战斗/反应语音	0		此音频包未找到匹配 WAV
71	Rayne_ZerenskiTaunt	嘲讽/战斗自言自语	4	RAYNE_ZERENSKITAUNT_1.WAV; RAYNE_ZERENSKITAUNT_2.WAV; RAYNE_ZERENSKITAUNT_3.WAV; RAYNE_ZERENSKITAUNT_4.WAV	有英语音频；台词需人工确认
