line	key	before_bytes	after_bytes
8	a1s1_rayne_18.wav	62	63
10	a1s1_rayne_20.wav	52	53
11	a1s1_rayne_21.wav	100	102
13	a1s1_rayne_23.wav	60	61
23	a1s1_zminion2_2.wav	52	53
32	a1s2_rayne_10.wav	86	88
39	a1s2_rayne_17.wav	68	69
40	a1s2_rayne_18.wav	58	59
45	a1s2_rayne_24.wav	60	61
49	a1s2_rayne_28.wav	52	53
50	a1s2_rayne_29.wav	58	59
52	a1s2_rayne_30.wav	70	71
53	a1s2_rayne_31.wav	56	57
55	a1s2_rayne_33.wav	66	67
57	a1s2_rayne_35.wav	96	97
58	a1s2_rayne_36.wav	76	77
64	a1s2_rayne_41.wav	72	73
69	a1s2_rayne_46.wav	74	75
70	a1s2_rayne_47.wav	82	83
74	a1s2_rayne_8.wav	64	65
80	a1s2_severin_14.wav	92	94
81	a1s2_severin_15.wav	76	77
82	a1s2_severin_16.wav	52	53
84	a1s2_severin_18.wav	88	89
85	a1s2_severin_19.wav	52	53
87	a1s2_severin_20.wav	50	51
88	a1s2_severin_21.wav	84	85
90	a1s2_severin_23.wav	68	69
91	a1s2_severin_24.wav	72	73
93	a1s2_severin_26.wav	62	63
99	a1s2_severin_8.wav	62	63
100	a1s2_severin_9.wav	64	65
102	a1s2_zerenzki_11.wav	74	76
105	a1s2_zerenzki_14.wav	62	63
106	a1s2_zerenzki_15.wav	60	61
108	a1s2_zerenzki_17.wav	82	83
109	a1s2_zerenzki_18.wav	82	83
111	a1s2_zerenzki_5.wav	58	59
112	a1s2_zerenzki_6.wav	50	51
114	a1s2_zerenzki_8.wav	88	90
115	a1s2_zerenzki_9.wav	56	57
116	a1s2_zminion1_1.wav	54	55
122	a1s2_zminion2_1.wav	54	55
