number	audio_entry	small_draft	medium_draft	translation_zh
13	SOUND\RAYNE_AMBIENTMANSION_7.WAV	Huh, so this is what you get when you give tax cuts to the top 1%.	Huh. So this is what you get when you give tax cuts to the top 1%.	原来给最富的那群人减税，就能有这种宅子。
16	SOUND\RAYNE_AMBIENTMEATPACK_2.WAV	my kind of town, except for all the vampires.	My kind of town. Except for all the vampires.	这城挺合我胃口，就是吸血鬼太多。
17	SOUND\RAYNE_AMBIENTMEATPACK_3.WAV	wear the vigilantes when you need them.	Where are the vigilantes when you need them?	需要义警的时候，他们都跑哪去了？
19	SOUND\RAYNE_AMBIENTMEATPACK_5.WAV	Why would the Nightwalkers risk it in the open?	Why would the Night Walkers risk it in the open?	夜行者为什么要冒险跑到地面上？
27	SOUND\RAYNE_AMBIENTPARK_6.WAV	You know, I like this place a lot better before.	You know, I liked this place a lot better before.	说真的，我更喜欢这里原来的样子。
43	SOUND\RAYNE_AMBIENTUNION_1.WAV	Kestles aren't smart enough to be running an operation like this.	Kestrels aren't smart enough to be running an operation like this.	红隼没聪明到能策划这种行动。
45	SOUND\RAYNE_AMBIENTUNION_3.WAV	What would Kestrel's want with more hookers than they could eat?	What would kestrels want with more hookers than they could eat?	红隼抓这么多妓女做什么？根本吃不完。
47	SOUND\RAYNE_AMBIENTUNION_5.WAV	Vampires are like roaches when you see one, you know, you've got a thousand	Vampires are like roaches. When you see one, you know you've got a thousand.	吸血鬼就像蟑螂，见到一只，就说明还有一千只。
51	SOUND\RAYNE_ATTACKBLADE_13.WAV	My God! I'm horrible!	My god, I'm horrible!	天哪，我可真坏！
57	SOUND\RAYNE_ATTACKKICK_12.WAV	Eh, should have been a rockette.	Eh, should've been a rock hat.	唉，我该去当踢踏舞演员的。
65	SOUND\RAYNE_ATTACKKICK_8.WAV	I should have kept blockin', kid.	I should have kept blocking, kid.	你该继续挡着的，小子。
80	SOUND\RAYNE_EPHEMERAATTACK_1.WAV	Whatcha think about that, Shady?	What you think about that, Shady?	怎么样，阴影女？
83	SOUND\RAYNE_EPHEMERADIE_1.WAV	DOOM!	D'oh!	（惨叫）
101	SOUND\RAYNE_FEED_1.WAV	Yeah. Yeah.	Yeah... Yeah... Yeah...	嗯……
103	SOUND\RAYNE_FEED_3.WAV	Stomp! Yeah... Stomp! Stomp!	I'm coming. Yeah. I'm coming.	（吸血声）
105	SOUND\RAYNE_FEED_5.WAV	Ah, and then psssssssssssssssssssssssssssssss	Oh, I did it.	（吸血声）
106	SOUND\RAYNE_FEED_6.WAV	kk uh shh ah Ichh hiç ach ahhhh		（吸血声）
108	SOUND\RAYNE_FEED_8.WAV	Yeah.	Yeah.	嗯。
109	SOUND\RAYNE_FEED_9.WAV	Ah! Ah! Ah! Ah! Ah! Ah! Ah! Ah!		（吸血声）
111	SOUND\RAYNE_FERRILATTACK_2.WAV	Sit feral, sit bad feral.	Sit, feral, sit! Bad feral!	坐下，费里尔。坏费里尔，坐下！
116	SOUND\RAYNE_FERRILELUDE_3.WAV	Hey Farrell, we're in the middle of something here.	Hey, Feral! We're in the middle of something here!	嘿，费里尔，我们还没打完呢。
133	SOUND\RAYNE_FERRILTAUNT_4.WAV	Obedient school is now in session.	Obedient School is now in session!	听话训练现在开始。
153	SOUND\RAYNE_KAGANATTACK_1.WAV	Good jeans, I guess	Good genes, I guess	看来是遗传得好。
169	SOUND\RAYNE_KAGANGETHURT_2.WAV	Damn it, that Vespersword pack's a-hurtin'.	Damn it! That Vesper sword packs are hurtin'!	该死，那暮星碎片可真够疼的。
204	SOUND\RAYNE_ONFIRE_9.WAV	Ugh! Sunlight everywhere!	Ugh, sunlight everywhere.	呃，到处都是阳光！
209	SOUND\RAYNE_SLEZZATTACK_1.WAV	Where's the heart? I don't know how much longer I can take this.	Where's the heart? I don't know how much longer I can take this.	心脏在哪？我撑不了多久了。
210	SOUND\RAYNE_SLEZZATTACK_2.WAV	Could you die? Police, could you just die?	Could you die? Please, could you just die?	你就不能死吗？拜托，快死吧！
224	SOUND\RAYNE_SLEZZKILL_1.WAV	I know it's a cliche, but she's got to be better off now.	I know it's a cliché, but she's got to be better off now.	这话虽俗，但她现在也许解脱了。
237	SOUND\RAYNE_XERXBTAUNT_3.WAV	You'll be the head of the fashion circuit.	You'll be the head of the fashion circuit.	你会成为时尚界的头号人物。
238	SOUND\RAYNE_XERXBTAUNT_4.WAV	Do they make closet hangers big enough for that freak suit?	Do they make closet hangers big enough for that freak suit?	有能挂下你那怪物装的衣架吗？
252	SOUND\RAYNE_ZERENSKITAUNT_3.WAV	Unlike your costume, I almost thought you were a real vampire for a second.	I like your costume. Almost thought you were a real vampire for a second.	抛开那身戏服，我差点以为你是真吸血鬼。
253	SOUND\RAYNE_ZERENSKITAUNT_4.WAV	Nice magic stick you got there, Z. Play with it a lot.	Nice magic stick you got there, Z. Play with it a lot.	你的魔杖不错嘛，泽伦斯基。经常拿来玩吗？
