unit_id	source_en	translation_zh	original_variants
dialogue-unit:f789549ace0a1b25	Then you've been very lucky for decades. Your luck has run dry today.	那你几十年来可真是走运，今天你的好运走到头了。	"needs review: 2 existing translation variants; the first occurrence is retained; variants=[{""count"":3,""translation"":""半吸血鬼：那你几十年来可真是走运，今天你的好运走到头了。""},{""count"":1,""translation"":""那你几十年来可真是走运。你的好运今天到头了。""}]"
dialogue-unit:ad9791647e7633da	I'm no guest, pal.	我可不是什么客人，伙计。	"needs review: 2 existing translation variants; the first occurrence is retained; variants=[{""count"":3,""translation"":""莱恩：我可不是什么客人，伙计。""},{""count"":1,""translation"":""我可不是什么客人，伙计。""}]"
dialogue-unit:8b170b0ace51b2dd	Aw, you guys are way too tough.	哎呀，你们几个可真够硬气的。	"needs review: 2 existing translation variants; the first occurrence is retained; variants=[{""count"":3,""translation"":""莱恩：哎呀，你们几个可真够硬气的。""},{""count"":1,""translation"":""哎呀，你们几个可真够硬气的。""}]"
dialogue-unit:73bb4bdf77568993	C'mon, boys that's not how you talk to girls...	拜托，帅哥们，哪有这样跟姑娘说话的……	"needs review: 3 existing translation variants; the first occurrence is retained; variants=[{""count"":2,""translation"":""莱恩拜托，男孩们，这可不是跟女孩说话的方式……""},{""count"":1,""translation"":""莱恩：拜托，男孩们，这可不是跟女孩说话的方式……""},{""count"":1,""translation"":""拜托，男孩们，这可不是跟女孩说话的方式……""}]"
dialogue-unit:559f715fb674efb7	But, you know... keep talking. I like it anyway.	不过嘛……接着说，我还挺喜欢听的。	"needs review: 2 existing translation variants; the first occurrence is retained; variants=[{""count"":3,""translation"":""莱恩：不过嘛……接着说，我还挺喜欢听的。""},{""count"":1,""translation"":""不过嘛……接着说。我还挺喜欢听的。""}]"
dialogue-unit:63ccf9f3b530b135	Aw, not just like anybody else... Wanna try me?	哎呀，才不是跟别人一样呢……想试试我吗？	"needs review: 2 existing translation variants; the first occurrence is retained; variants=[{""count"":3,""translation"":""莱恩：哎呀，才不是跟别人一样呢……想试试我吗？""},{""count"":1,""translation"":""哎呀，才不是跟别人一样呢……想试试我吗？""}]"
dialogue-unit:42689c94e6a32d08	Step right up, gents. I got plenty for everyone.	来吧，各位。我保证人人有份。	"needs review: 2 existing translation variants; the first occurrence is retained; variants=[{""count"":3,""translation"":""莱恩：来吧，先生们，我够你们每个人分的。""},{""count"":1,""translation"":""来吧，先生们。我够你们每个人分的。""}]"
dialogue-unit:f2ba7c458b184eb9	Whew! This is quite a bedroom. Bet I'm the first girl to see it by choice, huh?	嚯！这卧室可真够气派。我敢打赌，我是第一个自愿来看它的女孩吧？	"needs review: 3 existing translation variants; the first occurrence is retained; variants=[{""count"":2,""translation"":""莱恩：嚯！这卧室可真够气派。我敢打赌，我是第一个自愿来看它的女孩吧？""},{""count"":1,""translation"":""莱恩：嚯！这卧室可真够气派的。敢打赌，我是第一个自愿来看它的女孩吧？""},{""count"":1,""translation"":""嚯！这卧室可真够气派。敢打赌，我是第一个自愿来看它的女孩吧？""}]"
dialogue-unit:de492f7140a15e50	You've been gone a long time, Kagan. I've been taking care of your family for you though.	你离开很久了，卡根。不过我一直替你照顾着你的家人呢。	"needs review: 3 existing translation variants; the first occurrence is retained; variants=[{""count"":2,""translation"":""莱恩：你离开很久了，卡根。不过我一直替你照顾着你的家人呢。""},{""count"":1,""translation"":""莱恩：你离开很久了，卡根。不过你的家人，我一直替你照顾着呢。""},{""count"":1,""translation"":""你离开很久了，卡根。不过你的家人，我一直替你照顾着呢。""}]"
dialogue-unit:63184e033c3cffdd	Sllkk! One at a time, all across the world for seventy years. Like you killed my mother's, but slower. I think I'm nearly done.	嘶啦！七十年来，我走遍世界，一个个解决。就像你杀光我母亲的家人那样，只是我杀得更慢。我想就快杀完了。	"needs review: 2 existing translation variants; the first occurrence is retained; variants=[{""count"":2,""translation"":""莱恩：嘶啦！七十年来，世界各地，一个接一个，就像你杀我母亲的家人那样，只是更慢一点。我想我差不多快做完了。""},{""count"":1,""translation"":""嘶啦！七十年来，世界各地，一个接一个。就像你杀我母亲家人那样，只是更慢。我想我差不多快做完了。""}]"
dialogue-unit:347f5c39348c6812	What do you think of me now, father?	现在你怎么看我呢，父亲？	"needs review: 2 existing translation variants; the first occurrence is retained; variants=[{""count"":2,""translation"":""莱恩：现在你怎么看我呢，父亲？""},{""count"":2,""translation"":""现在你怎么看我，父亲？""}]"
dialogue-unit:650dcab09f32e30d	Hell of an operation you've got here, Zerenzki. Cult of Kagan's gone multinational, huh?	你这儿阵仗可真不小啊，泽伦斯基。卡根邪教都跨国经营了，是吧？	"needs review: 2 existing translation variants; the first occurrence is retained; variants=[{""count"":2,""translation"":""莱恩：你这儿阵仗可真不小啊，泽伦斯基。卡根邪教都跨国经营了，是吧？""},{""count"":2,""translation"":""你这儿阵仗可真不小啊，泽伦斯基。卡根邪教都跨国经营了，是吧？""}]"
dialogue-unit:6f3dce0b2fbb178a	Now I know exactly who I'm up against. But what are you up to?	现在我清楚自己到底在对付谁了，可你又在搞什么？	"needs review: 2 existing translation variants; the first occurrence is retained; variants=[{""count"":2,""translation"":""莱恩：现在我清楚自己到底在对付谁了，可你又在搞什么？""},{""count"":2,""translation"":""现在我清楚自己到底在对付谁了。可你又在搞什么？""}]"
dialogue-unit:dc2030c2aae6925a	Wow! I haven't seen one of you guys for decades! Where you been hiding yourselves?	哇！我几十年没见过你们这种家伙了！都躲哪儿去了？	"needs review: 2 existing translation variants; the first occurrence is retained; variants=[{""count"":2,""translation"":""莱恩：哇！我几十年没见过你们这种家伙了！都躲哪儿去了？""},{""count"":2,""translation"":""哇！我几十年没见过你们这种家伙了！都躲哪儿去了？""}]"
dialogue-unit:b6d1a19856dc1023	Oh, the old tongue, still? I never learned it. Seems kinda high-falutin'.	哦，还说古语？我可没学过，听着还挺装腔作势的。	"needs review: 2 existing translation variants; the first occurrence is retained; variants=[{""count"":2,""translation"":""莱恩：哦，还说古语？我可没学过，听着还挺装腔作势的。""},{""count"":2,""translation"":""哦，还说古语？我可没学过。听着还挺装腔作势的。""}]"
dialogue-unit:a3643f3e37ef2aec	All right! Thanks for the lesson. Bitch.	好吧！多谢你给我上课，贱人。	"needs review: 2 existing translation variants; the first occurrence is retained; variants=[{""count"":2,""translation"":""莱恩：好吧！多谢你给我上课，贱人。""},{""count"":2,""translation"":""好吧！多谢你上课。贱人。""}]"
dialogue-unit:001b212cd4b35488	Area's off limits to guests, lady.	女士，宾客禁止进入此区域。	"needs review: 2 existing translation variants; the first occurrence is retained; variants=[{""count"":2,""translation"":""仆从：女士，宾客禁止进入此区域。""},{""count"":2,""translation"":""女士，宾客禁止进入此区域。""}]"
dialogue-unit:fac17dda17582c1b	What's with all this noise?!	这吵吵闹闹的是怎么回事？！	"needs review: 2 existing translation variants; the first occurrence is retained; variants=[{""count"":2,""translation"":""喽啰：这吵吵闹闹的是怎么回事？！""},{""count"":2,""translation"":""这吵吵闹闹的是怎么回事？！""}]"
dialogue-unit:fdf927800902457d	Shut the f-... May I escort you back to the party, ma'am?	闭上你那张……请允许我送您回宴会厅，女士？	"needs review: 2 existing translation variants; the first occurrence is retained; variants=[{""count"":2,""translation"":""仆从：闭上你那张……请允许我送您回宴会厅，女士？""},{""count"":2,""translation"":""闭上你他——……夫人，需要我送您回宴会吗？""}]"
dialogue-unit:35ca22d7f67359eb	You can't be here. Lady.	你不能在这里，女士。	"needs review: 2 existing translation variants; the first occurrence is retained; variants=[{""count"":2,""translation"":""仆从：你不能在这里，女士。""},{""count"":2,""translation"":""你不能在这里。女士。""}]"
dialogue-unit:2643ec95b72662f8	Haw! Somebody wants her surprise early!	哈！有人想提前拿到惊喜啊！	"needs review: 2 existing translation variants; the first occurrence is retained; variants=[{""count"":2,""translation"":""喽啰：哈！有人想提前拿到惊喜啊！""},{""count"":2,""translation"":""哈！有人想提前拿到惊喜啊！""}]"
dialogue-unit:7e775b588e879b85	Keep it down! Any of Master's guests get antsy and he's gonna shred us!	小点声！要是主人的客人们不安起来，他会把我们撕碎的！	"needs review: 2 existing translation variants; the first occurrence is retained; variants=[{""count"":2,""translation"":""喽啰：小点声！要是主人的客人们不安起来，他会把我们撕碎的！""},{""count"":2,""translation"":""小声点！要是主人的客人们不安起来，他会把我们撕碎的！""}]"
dialogue-unit:d73d0fd09c5b9ed0	Not supposed to be in here, lady.	女士，你不该在这里。	"needs review: 2 existing translation variants; the first occurrence is retained; variants=[{""count"":2,""translation"":""仆从：女士，你不该在这里。""},{""count"":2,""translation"":""女士，你不该在这里。""}]"
dialogue-unit:9abf13d3647285a9	Oh man, look at the blades! She's dhampir!	天啊，看那刀刃！她是半吸血鬼！	"needs review: 2 existing translation variants; the first occurrence is retained; variants=[{""count"":2,""translation"":""仆从：天啊，看那刀刃！她是半吸血鬼！""},{""count"":2,""translation"":""天啊，看那刀刃！她是半吸血鬼！""}]"
dialogue-unit:314590cddfd90ee7	Get her. But do it quiet.	抓住她，动静小点。	"needs review: 2 existing translation variants; the first occurrence is retained; variants=[{""count"":2,""translation"":""喽啰：抓住她，动静小点。""},{""count"":2,""translation"":""抓住她。但动静小点。""}]"
dialogue-unit:2f5ab6c17273b62f	Dhampir go down just like anybody else.	半吸血鬼挨了打也照样会趴下。	"needs review: 2 existing translation variants; the first occurrence is retained; variants=[{""count"":2,""translation"":""仆从：半吸血鬼挨了打也照样会趴下。""},{""count"":2,""translation"":""半吸血鬼也跟别人一样会倒下。""}]"
dialogue-unit:2cb16ce3af55c90d	You're gonna look good in the master's trophy case!	你会很适合摆进主人的战利品柜！	"needs review: 2 existing translation variants; the first occurrence is retained; variants=[{""count"":2,""translation"":""喽啰：你会很适合摆进主人的战利品柜！""},{""count"":2,""translation"":""你会很适合摆进主人的战利品柜！""}]"
dialogue-unit:323076a61a78239a	Oh my god! She's insane. Call somebody! Anybody!	我的天！她疯了。快叫人来！随便谁都行！	"needs review: 3 existing translation variants; the first occurrence is retained; variants=[{""count"":2,""translation"":""喽啰：我的天！她疯了。快叫人来！随便谁都行！""},{""count"":1,""translation"":""喽啰：我的天！她疯了。叫人来！随便谁都行！""},{""count"":2,""translation"":""我的天！她疯了。叫人来！随便谁都行！""}]"
dialogue-unit:15ca70a6a88cbea5	Honey, you shoulda stayed downstairs with the rest of the lambs...	亲爱的，你真该和其他羔羊一起待在楼下……	"needs review: 2 existing translation variants; the first occurrence is retained; variants=[{""count"":2,""translation"":""喽啰：亲爱的，你真该和其他羔羊一起待在楼下……""},{""count"":2,""translation"":""亲爱的，你真该和其他羔羊一起待在楼下……""}]"
dialogue-unit:093750449a1967bb	The master can blow me monkey-suit.	去你主人的，穿礼服的狗腿子。	"needs review: 2 existing translation variants; the first occurrence is retained; variants=[{""count"":2,""translation"":""莱恩：主人可以来舔我的猴子西装。""},{""count"":2,""translation"":""主人可以来舔我的猴子西装。""}]"
dialogue-unit:e1de9ee0d364d022	That's not even kind of funny, Severin. Why would a born vampire like Zerenzki keep so much water on his property?	这一点都不好笑，塞弗林。像泽伦斯基这种天生的吸血鬼，为什么会在自己的地产上放这么多水？	"needs review: 2 existing translation variants; the first occurrence is retained; variants=[{""count"":2,""translation"":""莱恩：这一点都不好笑，塞弗林。像泽伦斯基这种天生的吸血鬼，为什么会在自己的地产上放这么多水？""},{""count"":2,""translation"":""这连一点都不好笑，塞弗林。像泽伦斯基这种天生吸血鬼，为什么会在自己的地产上放这么多水？""}]"
dialogue-unit:4be3f1b676a202f7	It would hurt him even more than it would me...	那东西伤他可比伤我还狠……	"needs review: 2 existing translation variants; the first occurrence is retained; variants=[{""count"":2,""translation"":""莱恩：那东西伤他可比伤我还狠……""},{""count"":2,""translation"":""那东西伤他可比伤我还狠……""}]"
dialogue-unit:04941560dbb15abc	Wow. That guy is a seriously dedicated social climber.	哇，那家伙为了攀附权贵，还真是什么都干得出来。	"needs review: 2 existing translation variants; the first occurrence is retained; variants=[{""count"":2,""translation"":""莱恩：哇，这家伙还真是个拼命往上爬的社交攀附狂。""},{""count"":2,""translation"":""哇。这家伙还真是个拼命往上爬的社交攀附狂。""}]"
dialogue-unit:c243f2c061aa9037	Hm. What if the lights up there were to come down here?	嗯，要是上面的那些灯掉到这里来，会怎么样？	"needs review: 2 existing translation variants; the first occurrence is retained; variants=[{""count"":2,""translation"":""莱恩：嗯，要是上面的那些灯掉到这里来，会怎么样？""},{""count"":2,""translation"":""嗯。要是上面的那些灯掉到这里来，会怎么样？""}]"
dialogue-unit:37149d9db7fca93f	There. Now there's a little kick in the punchbowl. Who wants to to taste it?	好了，现在这潘趣酒里可有点劲儿了。谁想尝尝？	"needs review: 2 existing translation variants; the first occurrence is retained; variants=[{""count"":2,""translation"":""莱恩：好了，现在这潘趣酒里可有点劲儿了。谁想尝尝？""},{""count"":2,""translation"":""好了。现在这潘趣酒里可有点劲儿了。谁想尝尝？""}]"
dialogue-unit:1b7c2eac76c304b4	I have a sort of a knack.	我算是有点天赋吧。	"needs review: 2 existing translation variants; the first occurrence is retained; variants=[{""count"":2,""translation"":""莱恩：我算是有点天赋吧。""},{""count"":2,""translation"":""我算是有点天赋吧。""}]"
dialogue-unit:a3ced5519cd92090	Tsk. Stupid the electricity's gonna fry you long before you drown.	啧，蠢货，电流早在你淹死之前就会把你烤熟。	"needs review: 2 existing translation variants; the first occurrence is retained; variants=[{""count"":2,""translation"":""莱恩：啧，蠢货，电流早在你淹死之前就会把你烤熟。""},{""count"":2,""translation"":""啧。蠢货，电流早在你淹死之前就会把你烤熟。""}]"
dialogue-unit:660bfcedc0b5d1f6	Was wondering when you'd show up. So that's what a vampire looks like when Zerenzki turns one. Ugh.	我正想着你什么时候会出现呢，原来被泽伦斯基转化后的吸血鬼长这样，呃。	"needs review: 2 existing translation variants; the first occurrence is retained; variants=[{""count"":2,""translation"":""莱恩：我正想着你什么时候会出现呢，原来被泽伦斯基转化后的吸血鬼长这样，呃。""},{""count"":2,""translation"":""我正想着你什么时候会出现呢。原来被泽伦斯基转化后的吸血鬼长这样。呃。""}]"
dialogue-unit:57c32bd8498e4ca9	That's what you guys are dying to become? Tsk. Could you maybe aim a little higher?	这就是你们拼了命想变成的样子？啧，目标能不能稍微高一点啊？	"needs review: 2 existing translation variants; the first occurrence is retained; variants=[{""count"":2,""translation"":""莱恩：这就是你们拼了命想变成的样子？啧，目标能不能稍微高一点啊？""},{""count"":2,""translation"":""这就是你们拼了命想变成的样子？啧。目标能不能稍微高一点？""}]"
dialogue-unit:788dd37e55968a32	Wow, look at him sizzle!	哇，看他滋滋冒烟！	"needs review: 2 existing translation variants; the first occurrence is retained; variants=[{""count"":2,""translation"":""莱恩：哇，看他滋滋冒烟！""},{""count"":2,""translation"":""哇，看他滋滋冒烟！""}]"
dialogue-unit:959b679c2b4aa5fc	Dammit.	该死。	"needs review: 2 existing translation variants; the first occurrence is retained; variants=[{""count"":2,""translation"":""莱恩：该死。""},{""count"":2,""translation"":""该死。""}]"
dialogue-unit:44d3d107757fe8e1	That's awesome. I wanna do it again.	太棒了，我还想再来一次。	"needs review: 2 existing translation variants; the first occurrence is retained; variants=[{""count"":2,""translation"":""莱恩：太棒了，我还想再来一次。""},{""count"":2,""translation"":""太棒了。我还想再来一次。""}]"
dialogue-unit:dc4c9800e97a3296	Oh, no way... They're real?	哦，不会吧……它们是真的？	"needs review: 2 existing translation variants; the first occurrence is retained; variants=[{""count"":2,""translation"":""莱恩：哦，不会吧……它们是真的？""},{""count"":2,""translation"":""哦，不会吧……它们是真的？""}]"
dialogue-unit:ddca79e17b81ddce	My God, Severin! Zerenzki's got the Carpathian Dragons! I thought they were just legend!	我的天，塞弗林！泽伦斯基有喀尔巴阡龙枪！我还以为那只是传说！	"needs review: 2 existing translation variants; the first occurrence is retained; variants=[{""count"":2,""translation"":""莱恩：我的天，塞弗林！泽伦斯基有喀尔巴阡龙枪！我还以为那只是传说！""},{""count"":2,""translation"":""我的天，塞弗林！泽伦斯基有喀尔巴阡龙枪！我还以为那只是传说！""}]"
dialogue-unit:59bcedfd422c7527	Oh, I'm fine. It's just that they're so... beautiful...	哦，我没事。只是它们实在是……太美了……	"needs review: 2 existing translation variants; the first occurrence is retained; variants=[{""count"":2,""translation"":""莱恩：哦，我没事。只是它们实在是……太美了……""},{""count"":2,""translation"":""哦，我没事。只是它们实在是……太美了……""}]"
dialogue-unit:b215ff1d8ef5f166	Where are you? Are you in trouble?	你在哪儿？有麻烦吗？	"needs review: 2 existing translation variants; the first occurrence is retained; variants=[{""count"":2,""translation"":""莱恩：你在哪儿？有麻烦吗？""},{""count"":2,""translation"":""你在哪儿？有麻烦吗？""}]"
dialogue-unit:ebc4b636d74ef804	Has he been behaving badly? It's how he was raised.	他表现不好吗？这都是他从小受的教育。	"needs review: 2 existing translation variants; the first occurrence is retained; variants=[{""count"":2,""translation"":""莱恩：他表现不好吗？这都是他从小受的教育。""},{""count"":2,""translation"":""他表现不好吗？这都是他从小受的教育。""}]"
dialogue-unit:4222554340211d6a	I forget the etiquette when one eats his guests, is it pinky in, or out?	我忘了吃客人时的礼仪了，小指应该翘起来，还是收进去？	"needs review: 2 existing translation variants; the first occurrence is retained; variants=[{""count"":2,""translation"":""莱恩：我忘了吃客人时的礼仪了，小指应该翘起来，还是收进去？""},{""count"":2,""translation"":""我忘了吃客人时的礼仪了，小指是翘起来，还是收进去？""}]"
dialogue-unit:b328e6eaf9446a3c	Oops! You caught me! I was off snooping through the medicine cabinets. Looks like I missed the big event.	哎呀！被你抓到了！我刚才溜去翻药柜了。看来我错过大场面了。	"needs review: 2 existing translation variants; the first occurrence is retained; variants=[{""count"":2,""translation"":""莱恩：哎呀！被你抓到了！我刚才溜去翻药柜了。看来我错过大场面了。""},{""count"":2,""translation"":""哎呀！被你抓到了！我刚才溜去翻药柜了。看来我错过大场面了。""}]"
dialogue-unit:7c5cbb9bb2bd91d2	Sure did. Think I can expense it to Brimstone?	当然是，你觉得我能找硫磺会报销吗？	"needs review: 2 existing translation variants; the first occurrence is retained; variants=[{""count"":2,""translation"":""莱恩：当然是，你觉得我能找硫磺会报销吗？""},{""count"":2,""translation"":""当然是。你觉得我能找硫磺会报销吗？""}]"
dialogue-unit:5cb1c621b45d4fd9	Gee, I'll bet it was nice. Were there balloons and confetti? Did a pretty girl pop out of a big cake?	哎呀，我敢说肯定很不错。有气球和彩纸吗？有漂亮女孩从大蛋糕里跳出来吗？	"needs review: 2 existing translation variants; the first occurrence is retained; variants=[{""count"":2,""translation"":""莱恩：哎呀，我敢说肯定很不错。有气球和彩纸吗？有漂亮女孩从大蛋糕里跳出来吗？""},{""count"":2,""translation"":""哎呀，我敢说肯定很不错。有气球和彩纸吗？有漂亮女孩从大蛋糕里跳出来吗？""}]"
dialogue-unit:041e4d7a6a29979b	But look! I picked out my own presents. Whaddya think? Aren't they divine?	不过，看！我自己挑好了礼物。你觉得怎么样？是不是美极了？	"needs review: 2 existing translation variants; the first occurrence is retained; variants=[{""count"":2,""translation"":""莱恩：不过，看！我自己挑好了礼物。你觉得怎么样？是不是美极了？""},{""count"":2,""translation"":""不过看！我自己挑好了礼物。你觉得怎么样？是不是美极了？""}]"
dialogue-unit:0d6fe9b9afd7ebf7	Alright, alright, that's what I'm do-oh, were you talking to me? Or to them?	好啦好啦，我正在 —— 哦，你是在跟我说话？还是跟它们？	"needs review: 2 existing translation variants; the first occurrence is retained; variants=[{""count"":2,""translation"":""莱恩：好啦好啦，我正在 —— 哦，你是在跟我说话？还是跟它们？""},{""count"":2,""translation"":""好啦好啦，我正在——哦，你是在跟我说话？还是跟它们？""}]"
dialogue-unit:75ade72576602858	Answer mine first why the bloodbath? These were your 500 closest friends, weren't they?	先回答我的问题：为什么要大开杀戒？他们不是你最亲近的五百个朋友吗？	"needs review: 2 existing translation variants; the first occurrence is retained; variants=[{""count"":2,""translation"":""莱恩：先回答我的问题：为什么要大开杀戒？他们不是你最亲近的五百个朋友吗？""},{""count"":2,""translation"":""先回答我的问题：为什么要大开杀戒？他们不是你最亲近的五百个朋友吗？""}]"
dialogue-unit:248b8f0c086126a4	A Kagan family reunion?	卡根家族团聚？	"needs review: 2 existing translation variants; the first occurrence is retained; variants=[{""count"":2,""translation"":""莱恩：卡根家族团聚？""},{""count"":2,""translation"":""卡根家族团聚？""}]"
dialogue-unit:d8b00cbeb1036cd5	Aw, come on, Z. I'm the black sheep! The one nobody talks about! I'm on a world tour, visiting every bastard child of Kagan I can find!	拜托了，泽。我可是害群之马！没人愿意提起的那个！我正在环球旅行，拜访我能找到的每一个卡根私生子！	"needs review: 2 existing translation variants; the first occurrence is retained; variants=[{""count"":2,""translation"":""莱恩：拜托了，泽。我可是害群之马！没人愿意提起的那个！我正在环球旅行，拜访我能找到的每一个卡根私生子！""},{""count"":2,""translation"":""拜托了，泽。我可是害群之马！没人愿意提起的那个！我正在环球旅行，拜访我能找到的每一个卡根私生子！""}]"
dialogue-unit:e79260f3725b75fd	The one in the West Indies? With the snakes? She gave me your name. Didn't want to, though very loyal.	西印度群岛那个？养蛇的那个？她供出了你的名字。当然，她本来不肯说，忠心得很。	"needs review: 2 existing translation variants; the first occurrence is retained; variants=[{""count"":2,""translation"":""莱恩：西印度群岛那个？养蛇的那个？她告诉了我你的名字。虽然不情愿，不过倒是很忠心。""},{""count"":2,""translation"":""西印度群岛那个？养蛇的那个？她告诉了我你的名字。虽然不情愿，倒是很忠心。""}]"
dialogue-unit:187ddcb7c4d151e3	Rrgh! That's half-sister, jackass!	呃！那是同父异母的妹妹，蠢货！	"needs review: 2 existing translation variants; the first occurrence is retained; variants=[{""count"":2,""translation"":""莱恩：呃！那是同父异母的妹妹，蠢货！""},{""count"":2,""translation"":""呃！那是同父异母的妹妹，蠢货！""}]"
dialogue-unit:dd78aa0a043d37a7	Rrgh! That's half-sister, ratsucker!	呃！那是同父异母的妹妹，臭吸血鼠！	"needs review: 2 existing translation variants; the first occurrence is retained; variants=[{""count"":2,""translation"":""莱恩：呃！那是同父异母的妹妹，臭吸血鼠！""},{""count"":2,""translation"":""呃！那是同父异母的妹妹，臭吸血鼠！""}]"
dialogue-unit:6ac6ae651addb3f5	Right ON! Love picking up new moves!	太好了！我最喜欢学新招了！	"needs review: 2 existing translation variants; the first occurrence is retained; variants=[{""count"":2,""translation"":""莱恩：太好了！我最喜欢学新招了！""},{""count"":2,""translation"":""太好了！我最喜欢学新招了！""}]"
dialogue-unit:73bc8e36b4ccdfa4	I'll keep my receipts.	我会留着收据的。	"needs review: 2 existing translation variants; the first occurrence is retained; variants=[{""count"":2,""translation"":""莱恩：我会留着收据的。""},{""count"":2,""translation"":""收据我会留着的。""}]"
dialogue-unit:0f460f87e4c99229	Oh yeah! Can't wait to use this!	哦耶！等不及要用这个了！	"needs review: 2 existing translation variants; the first occurrence is retained; variants=[{""count"":2,""translation"":""莱恩：哦耶！等不及要用这个了！""},{""count"":2,""translation"":""哦耶！等不及要用这个了！""}]"
dialogue-unit:cdf7dd3f2fcfb848	Eh. They made bad choices. Shoulda stayed in school. Keep out of trouble while I take care of this, okay?	哎，他们自己选错了路，早该好好上学的。我处理这事的时候，别惹麻烦，好吗？	"needs review: 2 existing translation variants; the first occurrence is retained; variants=[{""count"":2,""translation"":""莱恩：哎，他们自己选错了路，早该好好上学的。我处理这事的时候，别惹麻烦，好吗？""},{""count"":2,""translation"":""哎。他们自己选错了路。早该好好上学的。我处理这事的时候，别惹麻烦，好吗？""}]"
dialogue-unit:1db8685b4b79adfd	You're right about one thing it's definitely time for you to go.	有一点你说对了，你确实该走了。	"needs review: 2 existing translation variants; the first occurrence is retained; variants=[{""count"":2,""translation"":""莱恩：有一点你说对了，你确实该走了。""},{""count"":2,""translation"":""有一点你说对了，你确实该走了。""}]"
dialogue-unit:c042794ea06c916b	Hello, you. You have anything to do with all this noise?	你好啊。闹出这么大动静，是你干的？	"needs review: 2 existing translation variants; the first occurrence is retained; variants=[{""count"":2,""translation"":""莱恩：你好啊。这里这么吵，跟你有关系吗？""},{""count"":2,""translation"":""你好啊。这里这么吵，跟你有关系吗？""}]"
dialogue-unit:dfec2cb37799ef93	Can do. There in a flash.	没问题。马上到。	"needs review: 2 existing translation variants; the first occurrence is retained; variants=[{""count"":2,""translation"":""莱恩：没问题。马上到。""},{""count"":2,""translation"":""没问题。马上到。""}]"
dialogue-unit:9a067d62992d27d8	You bet. It's what I was hoping to find. A twisted family tree.	当然。正是我想找的，一份扭曲的家谱。	"needs review: 2 existing translation variants; the first occurrence is retained; variants=[{""count"":2,""translation"":""莱恩：当然，这正是我想找的东西，一棵扭曲的家族树。""},{""count"":2,""translation"":""当然。这正是我想找的东西。一棵扭曲的家族树。""}]"
dialogue-unit:055db1731f35eba1	It lists the whereabouts of the entire Kagan cult. And it looks like they're all converging right here. In the City.	上面列着卡根邪教所有成员的下落。看样子，他们全在往这里聚集，就在这座城里。	"needs review: 2 existing translation variants; the first occurrence is retained; variants=[{""count"":2,""translation"":""莱恩：上面列着整个卡根邪教的下落，而且看起来他们全都在往这里汇合，就在这座城市。""},{""count"":2,""translation"":""上面列着整个卡根邪教的下落。而且看起来他们全都在往这里汇合。就在这座城市。""}]"
dialogue-unit:08d111a61ba5351f	I am. They've all come here. To me. I'm ending them, finally. And my father's sick bloodline will be extinguished.	没错，他们都来这里了，来到我面前。我终于能把他们杀光，让父亲那恶毒的血脉彻底断绝。	"needs review: 2 existing translation variants; the first occurrence is retained; variants=[{""count"":2,""translation"":""莱恩：没错，他们全都来了，来找我，我终于要终结他们了。我父亲那条病态的血脉也会就此断绝。""},{""count"":2,""translation"":""没错。他们全都来了。来找我。我终于要终结他们了。我父亲那条病态的血脉也会就此断绝。""}]"
dialogue-unit:043fc184d3eb0fe0	Just reached a courtyard outside the study.	刚到书房外的庭院。	"needs review: 2 existing translation variants; the first occurrence is retained; variants=[{""count"":2,""translation"":""莱恩：刚到书房外的庭院。""},{""count"":2,""translation"":""刚到书房外的庭院。""}]"
dialogue-unit:3320be3fb77f57bc	Eh, I guess. Just one more thing I'm naturally good at.	嗯，大概吧。只不过又是我天生擅长的一件事。	"needs review: 2 existing translation variants; the first occurrence is retained; variants=[{""count"":2,""translation"":""莱恩：嗯，大概吧。只不过又是我天生擅长的一件事。""},{""count"":2,""translation"":""嗯，大概吧。只不过又是我天生擅长的一件事。""}]"
dialogue-unit:ff841c672c9af5ef	I dunno. Nobody's usually left alive to see one.	不知道，一般没人能活着看到我的返场节目。	"needs review: 2 existing translation variants; the first occurrence is retained; variants=[{""count"":2,""translation"":""莱恩：不知道，通常没人能活着看到其中一个。""},{""count"":2,""translation"":""不知道。通常没人能活着看到其中一个。""}]"
dialogue-unit:38faf4fcdbf3376c	Or walk anywhere near them they're all just asking for it! There any such thing as a glass fetish?	也别走到玻璃旁边——这不明摆着等人来砸吗！真有人对玻璃这么痴迷？	"needs review: 2 existing translation variants; the first occurrence is retained; variants=[{""count"":2,""translation"":""莱恩：或者走到它们附近 —— 它们简直就是自找的！世界上有玻璃癖这种东西吗？""},{""count"":2,""translation"":""或者走到它们附近——它们简直就是自找的！世界上有玻璃癖这种东西吗？""}]"
dialogue-unit:d2faa7f271e55fb2	Ah, great. Water.	啊，太好了。水。	"needs review: 2 existing translation variants; the first occurrence is retained; variants=[{""count"":2,""translation"":""莱恩：啊，太好了。水。""},{""count"":2,""translation"":""啊，太好了。水。""}]"
dialogue-unit:e0922c9243acb629	That sounded expensive...	听起来挺贵的……	"needs review: 2 existing translation variants; the first occurrence is retained; variants=[{""count"":2,""translation"":""塞弗林：听起来挺贵的……""},{""count"":2,""translation"":""听起来挺贵的……""}]"
dialogue-unit:93f66db88c2e31cb	Whatcha got? Something interesting?	你拿到了什么？有意思的东西？	"needs review: 2 existing translation variants; the first occurrence is retained; variants=[{""count"":2,""translation"":""塞弗林：你拿到了什么？有意思的东西？""},{""count"":2,""translation"":""你拿到了什么？有意思的东西？""}]"
dialogue-unit:30078465943c3adb	Huh. That's what Brimstone thought, too.	哼，硫磺会也是这么想的。	"needs review: 2 existing translation variants; the first occurrence is retained; variants=[{""count"":2,""translation"":""塞弗林：哼，硫磺会也是这么想的。""},{""count"":2,""translation"":""哼。硫磺会也是这么想的。""}]"
dialogue-unit:f06c2c5f2b6df132	Rayne? RAYNE! Are you there? What happened?!!	莱恩？莱恩！你在吗？发生什么事了？！	"needs review: 2 existing translation variants; the first occurrence is retained; variants=[{""count"":2,""translation"":""塞弗林：莱恩？莱恩！你在吗？发生什么事了？！""},{""count"":2,""translation"":""莱恩？莱恩！你在吗？发生什么事了？！""}]"
dialogue-unit:fb8349a34af8dd31	... and extremely dangerous. Listen, if they're the real Carpathian Dragons, they feed from the blood of their Dhampir host. That's you, in this case.	……而且极其危险。听着，如果它们真是喀尔巴阡龙枪，它们会吸食半吸血鬼宿主的血 —— 也就是你。	"needs review: 2 existing translation variants; the first occurrence is retained; variants=[{""count"":2,""translation"":""塞弗林：……而且极其危险。听着，如果它们真是喀尔巴阡龙枪，它们会吸食半吸血鬼宿主的血 —— 也就是你。""},{""count"":2,""translation"":""……而且极其危险。听着，如果它们真是喀尔巴阡龙枪，它们会吸食半吸血鬼宿主的血。也就是你。""}]"
dialogue-unit:6eaf087990e7228d	They alchemically process the raw material into vampire-lethal projectiles. You're gonna have to feed to fill their reservoirs.	它们会通过炼金术把原料加工成能杀死吸血鬼的弹丸，你得吸血来填满它们的储液槽。	"needs review: 2 existing translation variants; the first occurrence is retained; variants=[{""count"":2,""translation"":""塞弗林：它们会通过炼金术把原料加工成能杀死吸血鬼的弹丸，你得吸血来填满它们的储液槽。""},{""count"":2,""translation"":""它们会通过炼金术把原料加工成能杀死吸血鬼的弹丸。你得吸血来填满它们的储液槽。""}]"
dialogue-unit:b713d630f9cb6f8d	You can still use them when their reservoirs are empty, but they'll draw blood directly from you.	储液槽空了你依然能用它们，但它们会直接从你身上抽血。	"needs review: 2 existing translation variants; the first occurrence is retained; variants=[{""count"":2,""translation"":""塞弗林：储液槽空了你依然能用它们，但它们会直接从你身上抽血。""},{""count"":2,""translation"":""储液槽空了你依然能用它们，但它们会直接从你身上抽血。""}]"
dialogue-unit:4954e4de6f332a38	You'd better get down here. Zerenzki just revealed a big surprise to his guests.	你最好下来，泽伦斯基刚向客人们展示了一个大惊喜。	"needs review: 2 existing translation variants; the first occurrence is retained; variants=[{""count"":2,""translation"":""塞弗林：你最好下来，泽伦斯基刚向客人们展示了一个大惊喜。""},{""count"":2,""translation"":""你最好下来。泽伦斯基刚向客人们展示了一个大惊喜。""}]"
dialogue-unit:78cd86f306f26f4f	Just outside the Ballroom. I'm fine. Just, you know, staying clear. Can't say as much for the other guests. Get here soon or you'll miss it.	就在舞厅外面。我没事。只是，你懂的，躲远点，其他客人可就不好说了。快来，不然你就错过了。	"needs review: 2 existing translation variants; the first occurrence is retained; variants=[{""count"":2,""translation"":""塞弗林：就在舞厅外面。我没事。只是，你懂的，躲远点，其他客人可就不好说了。快来，不然你就错过了。""},{""count"":2,""translation"":""就在舞厅外面。我没事。只是，你懂的，躲远点。其他客人可就不好说了。快来，不然你就错过了。""}]"
dialogue-unit:82cc284e737d436b	Tch. I think Zerenzki just blew his membership at the country club.	啧，我看泽伦斯基这下是把乡村俱乐部的会员资格玩没了。	"needs review: 2 existing translation variants; the first occurrence is retained; variants=[{""count"":2,""translation"":""塞弗林：啧，我看泽伦斯基这下是把乡村俱乐部的会员资格玩没了。""},{""count"":2,""translation"":""啧。我看泽伦斯基这下是把乡村俱乐部的会员资格玩没了。""}]"
dialogue-unit:5c157b644e440c83	Uh, let's wait til we see the final bill for this evening.	呃，等我们看到今晚的最终账单再说吧。	"needs review: 2 existing translation variants; the first occurrence is retained; variants=[{""count"":2,""translation"":""塞弗林：呃，等我们看到今晚的最终账单再说吧。""},{""count"":2,""translation"":""呃，等我们看到今晚的最终账单再说吧。""}]"
dialogue-unit:0be9e6231a5aa137	See for yourself. I believe it's time to do what you do. I'll do what I do and meet you later.	你自己看吧。该你大显身手了。我去忙我的，待会儿见。	"needs review: 2 existing translation variants; the first occurrence is retained; variants=[{""count"":2,""translation"":""塞弗林：你自己看吧。我想现在你该做去做该做的事了，我去做我的事，晚点见。""},{""count"":2,""translation"":""你自己看吧。我想现在该你做你的事了。我去做我的事，晚点见。""}]"
dialogue-unit:41092dc2f9beec7f	There's your guy and his goons. And now you're really angry, huh? Poor bastards. I sort of feel sorry for them.	你的目标和他的打手都在那儿。现在你真的生气了，是吧？可怜的混蛋，我都有点同情他们了。	"needs review: 2 existing translation variants; the first occurrence is retained; variants=[{""count"":2,""translation"":""塞弗林：你的目标和他的打手都在那儿。现在你真的生气了，是吧？可怜的混蛋，我都有点同情他们了。""},{""count"":2,""translation"":""你的目标和他的打手都在那儿。现在你真的生气了，是吧？可怜的混蛋。我都有点同情他们了。""}]"
dialogue-unit:3c6531b2baadc52c	Like I have a choice. I'll go work out an exit route. See ya soon.	我还有得选吗。我去找条撤离路线，待会儿见。	"needs review: 2 existing translation variants; the first occurrence is retained; variants=[{""count"":2,""translation"":""塞弗林：我还有得选吗。我去找条撤离路线，待会儿见。""},{""count"":2,""translation"":""我还有得选吗。我去找条撤离路线。待会儿见。""}]"
dialogue-unit:ef26c7dc6817bcfe	Actually, the whole place was wired to go up. Guess in case something terrible happened to Zerenzki. Like you.	其实整座宅子都埋了炸药。我猜是防着泽伦斯基遇上什么不测。比如遇上你。	"needs review: 2 existing translation variants; the first occurrence is retained; variants=[{""count"":2,""translation"":""塞弗林：其实整座宅子都装了爆炸装置，大概是为了防止泽伦斯基身上发生什么可怕的事，比如说你。""},{""count"":2,""translation"":""其实整座宅子都装了爆炸装置。大概是为了防止泽伦斯基身上发生什么可怕的事。比如你。""}]"
dialogue-unit:2c1a7159a0cd1fa3	I just set the clocks forward on a few timers. But I can't get any closer to pick you up. You'll have to come up to me.	我只是把几个定时器的时间往前拨了点，但我没法再靠近接你了，你得上来找我。	"needs review: 2 existing translation variants; the first occurrence is retained; variants=[{""count"":2,""translation"":""塞弗林：我只是把几个定时器的时间往前拨了点，但我没法再靠近接你了，你得上来找我。""},{""count"":2,""translation"":""我只是把几个定时器的时间往前拨了点。但我没法再靠近接你。你得上来找我。""}]"
dialogue-unit:0428060f67d282f6	You manage to hold on to that list?	那份名单你还拿着吗？	"needs review: 2 existing translation variants; the first occurrence is retained; variants=[{""count"":2,""translation"":""塞弗林：那份名单你还拿着吗？""},{""count"":2,""translation"":""那份名单你还拿着吗？""}]"
dialogue-unit:c4c2904c0962396a	I called this in. Brimstone's put their top minds on it. They're none too pleased.	我已经上报了。硫磺会最顶尖的专家正在调查，他们对这事很不满意。	"needs review: 2 existing translation variants; the first occurrence is retained; variants=[{""count"":2,""translation"":""塞弗林：我已经上报了。硫磺会派出了他们最顶尖的头脑，没人会高兴的。""},{""count"":2,""translation"":""我已经上报了。硫磺会派出了他们最顶尖的头脑。没人会高兴的。""}]"
dialogue-unit:ef3c0f40f74febe5	I was there earlier. Been practicing your acrobatics?	我之前去过那里，你最近在练杂技吗？	"needs review: 2 existing translation variants; the first occurrence is retained; variants=[{""count"":2,""translation"":""塞弗林：我之前去过那里，你最近在练杂技吗？""},{""count"":2,""translation"":""我之前去过那里。最近在练杂技吗？""}]"
dialogue-unit:5740793d8510955a	So what do you do for an encore?	那么你的返场节目是什么？	"needs review: 2 existing translation variants; the first occurrence is retained; variants=[{""count"":2,""translation"":""塞弗林：那么你的返场节目是什么？""},{""count"":2,""translation"":""那么你的返场节目是什么？""}]"
dialogue-unit:19303486356904fd	Ah. The greenhouse? You know what they say about people who live in glass houses...	啊，温室？你知道人们怎么说住在玻璃屋里的人……	"needs review: 2 existing translation variants; the first occurrence is retained; variants=[{""count"":2,""translation"":""塞弗林：啊，温室？你知道人们怎么说住在玻璃屋里的人……""},{""count"":2,""translation"":""啊。温室？你知道人们怎么说住在玻璃屋里的人……""}]"
dialogue-unit:daac15405e0786f6	I was about to ask you that.	我正想问你呢。	"needs review: 2 existing translation variants; the first occurrence is retained; variants=[{""count"":2,""translation"":""塞弗林：我正想问你呢。""},{""count"":2,""translation"":""我正想问你呢。""}]"
dialogue-unit:5215cde31a140099	Ah, you found the pool. Nice one, isn't it? Going for a dip?	啊，你找到泳池了，不错吧？想下去泡一泡？	"needs review: 2 existing translation variants; the first occurrence is retained; variants=[{""count"":2,""translation"":""塞弗林：啊，你找到泳池了，不错吧？想下去泡一泡？""},{""count"":2,""translation"":""啊，你找到泳池了。不错吧？想下去泡一泡？""}]"
dialogue-unit:1c4afae9bfe5edad	He strikes me as the type that goes to any lengths to keep up appearances for his guests.	他给我的感觉就是那种为了在客人面前撑场面，什么都做得出来的人。	"needs review: 2 existing translation variants; the first occurrence is retained; variants=[{""count"":2,""translation"":""塞弗林：他给我的感觉就是那种为了在客人面前撑场面，什么都做得出来的人。""},{""count"":2,""translation"":""他给我的感觉就是那种为了在客人面前撑场面，什么都做得出来的人。""}]"
dialogue-unit:b4b2d86a3ff31122	Hey, great! Sounds like you figured out a way to kill people in there. I knew you could do it.	嘿，太好了！听起来你已经想出办法在里面杀人了，我就知道你做得到。	"needs review: 2 existing translation variants; the first occurrence is retained; variants=[{""count"":2,""translation"":""塞弗林：嘿，太好了！听起来你已经想出办法在里面杀人了，我就知道你做得到。""},{""count"":2,""translation"":""嘿，太好了！听起来你已经想出办法在里面杀人了。我就知道你做得到。""}]"
dialogue-unit:cb4d689d5015ace8	Who ARE you?!!	你到底是谁？！	"needs review: 2 existing translation variants; the first occurrence is retained; variants=[{""count"":2,""translation"":""泽伦斯基：你到底是谁？！""},{""count"":2,""translation"":""你到底是谁？！""}]"
dialogue-unit:35b0106646e7caf8	Correct, and I had to sacrifice decades of ruthless social climbing for this. But it's all worth it.	没错。为了这个，我不得不牺牲几十年来费尽心机爬上来的地位。不过一切都值得。	"needs review: 2 existing translation variants; the first occurrence is retained; variants=[{""count"":2,""translation"":""泽伦斯基：没错。为了这个，我不得不牺牲几十年来费尽心机爬上来的地位。不过一切都值得。""},{""count"":2,""translation"":""泽伦斯基：没错，为了这个，我不得不牺牲几十年来费尽心机爬上来的地位。不过一切都值得。""}]"
dialogue-unit:eba9c49b643b91a9	I had to clear a few obstacles to make way for a family reunion we're planning.	我得清除几个障碍，好给我们计划中的家族团聚让路。	"needs review: 2 existing translation variants; the first occurrence is retained; variants=[{""count"":2,""translation"":""泽伦斯基：我得清除几个障碍，好给我们计划中的家族团聚让路。""},{""count"":2,""translation"":""我得清除几个障碍，好给我们计划中的家族团聚让路。""}]"
dialogue-unit:8877d21923c3f1ee	How do you know that name??!!	你怎么知道那个名字？！	"needs review: 2 existing translation variants; the first occurrence is retained; variants=[{""count"":2,""translation"":""泽伦斯基：你怎么知道那个名字？！""},{""count"":2,""translation"":""你怎么知道那个名字？！""}]"
dialogue-unit:e433ad85a19226f3	Ahh... so you're the mysterious assassin? You've certainly been on a... spree, haven't you?	啊……所以你就是那个神秘刺客？你确实已经大开杀戒了……不是吗？	"needs review: 2 existing translation variants; the first occurrence is retained; variants=[{""count"":2,""translation"":""泽伦斯基：啊……所以你就是那个神秘刺客？你确实已经大开杀戒了……不是吗？""},{""count"":1,""translation"":""啊……所以你就是那个神秘刺客？你确实已经大开杀戒了……不是吗？""}]"
dialogue-unit:8fbada6d9232f1d7	We weren't even sure you were real until poor Delinda turned up without her head.	直到可怜的德琳达被人发现身首异处，我们才相信真有你这么个人。	"needs review: 2 existing translation variants; the first occurrence is retained; variants=[{""count"":2,""translation"":""泽伦斯基：直到可怜的德琳达没了脑袋地出现，我们甚至都不确定你是不是真的存在。""},{""count"":2,""translation"":""直到可怜的德琳达没了脑袋地出现，我们甚至都不确定你是不是真的存在。""}]"
dialogue-unit:d9eb80b30c4bb54f	Phht. Hardly. None of them are.	噗，才不是，她们谁都不是。	"needs review: 2 existing translation variants; the first occurrence is retained; variants=[{""count"":2,""translation"":""泽伦斯基：噗，才不是，她们谁都不是。""},{""count"":2,""translation"":""噗。才不是。她们谁都不是。""}]"
dialogue-unit:f3210c8068d302f4	You've intrigued me, but fear I must attend to other events, so I bid you good night, little sister. Make yourself at home.	你让我很感兴趣，但恐怕我必须去处理别的事了，所以晚安了，小妹妹。把这里当自己家吧。	"needs review: 2 existing translation variants; the first occurrence is retained; variants=[{""count"":2,""translation"":""泽伦斯基：你让我很感兴趣，但恐怕我必须去处理别的事了，所以晚安了，小妹妹。把这里当自己家吧。""},{""count"":2,""translation"":""你让我很感兴趣，但恐怕我必须去处理别的事了，所以晚安了，小妹妹。把这里当自己家吧。""}]"
dialogue-unit:4c4c5f480a68a2e4	A night to remember for all times! A prelude to the longest night! It's time to fly, my children! The Family awaits our coming!	一个永世难忘的夜晚！最长之夜的序幕！该起飞了，我的孩子们！家族正在等待我们的到来！	"needs review: 2 existing translation variants; the first occurrence is retained; variants=[{""count"":2,""translation"":""泽伦斯基：一个永世难忘的夜晚！最长之夜的序幕！该起飞了，我的孩子们！家族正在等待我们的到来！""},{""count"":2,""translation"":""一个永世难忘的夜晚！最长之夜的序幕！该起飞了，我的孩子们！家族正在等待我们的到来！""}]"
dialogue-unit:2a0129332b494079	But you're my guest! It would be unforgivable to leave you this way!	可你是我的客人！把你就这样留下，实在不可饶恕！	"needs review: 2 existing translation variants; the first occurrence is retained; variants=[{""count"":2,""translation"":""泽伦斯基：可你是我的客人！把你就这样留下，实在不可饶恕！""},{""count"":2,""translation"":""可你是我的客人！把你就这样留下，实在不可饶恕！""}]"
dialogue-unit:001d2d7b79426bdb	Yes. Tear them apart, children. No survivors! Make sure to check the restrooms and the grounds.	对，把他们撕碎，孩子们。不要留活口！记得检查洗手间和庭院。	"needs review: 2 existing translation variants; the first occurrence is retained; variants=[{""count"":2,""translation"":""泽伦斯基：对，把他们撕碎，孩子们。不要留活口！记得检查洗手间和庭院。""},{""count"":2,""translation"":""对。把他们撕碎，孩子们。不要留活口！记得检查洗手间和庭院。""}]"
dialogue-unit:a5a413ea13d4d6b9	Ah! That all depends upon their tax bracket. And where did you run off to!?	啊！那就得看他们的纳税等级了。你又跑到哪儿去了？！	"needs review: 2 existing translation variants; the first occurrence is retained; variants=[{""count"":2,""translation"":""泽伦斯基：啊！那就得看他们的纳税等级了。你又跑到哪儿去了？！""},{""count"":2,""translation"":""啊！那就得看他们的纳税等级了。你又跑到哪儿去了？！""}]"
dialogue-unit:abf4d4865251b36d	Oh, you did! It was spectacular. Such a shame you weren't here for it.	哦，你确实错过了！那场面精彩极了，真可惜你不在。	"needs review: 2 existing translation variants; the first occurrence is retained; variants=[{""count"":2,""translation"":""泽伦斯基：哦，你确实错过了！那场面精彩极了，真可惜你不在。""},{""count"":2,""translation"":""哦，你确实错过了！那场面精彩极了。真可惜你不在。""}]"
dialogue-unit:91bb84d77b8c6f76	All that and more! And best of all, everyone received a very special gift! But we saved yours for you!	不止这些！最棒的是，每个人都收到了一份非常特别的礼物！不过你的那份，我们特意给你留着了！	"needs review: 2 existing translation variants; the first occurrence is retained; variants=[{""count"":2,""translation"":""泽伦斯基：不止这些！最棒的是，每个人都收到了一份非常特别的礼物！不过你的那份，我们特意给你留着了！""},{""count"":1,""translation"":""不止这些！最棒的是，每个人都收到了一份非常特别的礼物！不过你的那份，我们特意给你留着！""}]"
dialogue-unit:dae322d1c2ec1154	My Dragons! Gardath's Boils!! How did she... ? Tear her to pieces!!	我的龙枪！加达斯的脓疮啊！！她怎么……？把她撕成碎片！！	"needs review: 2 existing translation variants; the first occurrence is retained; variants=[{""count"":2,""translation"":""泽伦斯基：我的龙枪！加达斯的脓疮！！她怎么……？把她撕成碎片！！""},{""count"":1,""translation"":""我的龙枪！加达斯的脓疮！！她怎么……？把她撕成碎片！！""}]"
dialogue-unit:052e91ef6516183e	The Master, uh, Mr. Zerenzki, would prefer that all the guests remain downstairs, madam.	主人，呃，泽伦斯基先生，希望所有客人都留在楼下，夫人。	"needs review: 2 existing translation variants; the first occurrence is retained; variants=[{""count"":2,""translation"":""仆从：主人，呃，泽伦斯基先生，希望所有客人都留在楼下，夫人。""},{""count"":1,""translation"":""主人，呃，泽伦斯基先生，希望所有客人都留在楼下，夫人。""}]"
dialogue-unit:c7db600b600bc78a	Wait a minute-look, she's dhampir. Are you one of the Master's?	等等，看，她是半吸血鬼。你是主人的人吗？	"needs review: 2 existing translation variants; the first occurrence is retained; variants=[{""count"":2,""translation"":""仆从：等一下 —— 看，她是半吸血鬼。你是主人那边的吗？""},{""count"":1,""translation"":""等一下——看，她是半吸血鬼。你是主人那边的吗？""}]"
dialogue-unit:8169b6d71c948243	That's the one making all this noise! And lock the doors behind you.	就是她搞出这么大动静！进去后把门锁上。	"needs review: 2 existing translation variants; the first occurrence is retained; variants=[{""count"":2,""translation"":""喽啰：就是她搞出这么大动静！进去后把门锁上。""},{""count"":1,""translation"":""就是她搞出这么大动静！进去后把门锁上。""}]"
dialogue-unit:245048eed4719bec	Good god,did you see that? She went through those guys like a hurricane!	天哪，你看见了吗？她像飓风一样冲过了那帮人！	"needs review: 2 existing translation variants; the first occurrence is retained; variants=[{""count"":2,""translation"":""喽啰：天哪，你看见了吗？她像飓风一样冲过了那帮人！""},{""count"":1,""translation"":""天哪，你看见了吗？她像飓风一样冲过了那帮人！""}]"
dialogue-unit:f4ee6ceeb9fd69cb	What do you think? Like I want to see that monster come through there?	你觉得呢？难道我想看见那个怪物从那儿冲出来？	"needs review: 2 existing translation variants; the first occurrence is retained; variants=[{""count"":2,""translation"":""喽啰：你觉得呢？难道我想看见那个怪物从那儿冲出来？""},{""count"":1,""translation"":""你觉得呢？难道我想看见那个怪物从那儿冲出来？""}]"
dialogue-unit:e406051960ba7242	No one escapes! No one lives! Get them all!	谁都不准逃！谁都不准活！把他们全抓住！	"needs review: 2 existing translation variants; the first occurrence is retained; variants=[{""count"":2,""translation"":""喽啰：谁都不准逃！谁都不准活！把他们全抓住！""},{""count"":1,""translation"":""谁都不准逃！谁都不准活！把他们全抓住！""}]"
dialogue-unit:64d84249c6e4de05	No way! The Master hates lady dhampir. He'd never have one around.	不可能！主人讨厌女半吸血鬼，他绝不会把这种人留在身边。	"needs review: 2 existing translation variants; the first occurrence is retained; variants=[{""count"":2,""translation"":""仆从：不可能！主人讨厌女半吸血鬼，他绝不会把这种人留在身边。""},{""count"":1,""translation"":""不可能！主人讨厌女半吸血鬼。他绝不会把这种人留在身边。""}]"
dialogue-unit:e089eb9430f99ae8	Yeah, we don't wanna be interrupted.	对，我们可不想被人打扰。	"needs review: 2 existing translation variants; the first occurrence is retained; variants=[{""count"":2,""translation"":""喽啰：对，我们可不想被人打扰。""},{""count"":1,""translation"":""对，我们可不想被人打扰。""}]"
dialogue-unit:19b42c1ecb9160fd	You sure those doors are sealed?	你确定那些门都封死了？	"needs review: 2 existing translation variants; the first occurrence is retained; variants=[{""count"":2,""translation"":""喽啰：你确定那些门都封死了？""},{""count"":1,""translation"":""你确定那些门都封死了？""}]"
dialogue-unit:fa79f25120178c85	Alright. Tight as a drum!	行了，严丝合缝！	"needs review: 2 existing translation variants; the first occurrence is retained; variants=[{""count"":2,""translation"":""喽啰：行了，严丝合缝！""},{""count"":1,""translation"":""行了。严丝合缝！""}]"
dialogue-unit:c5d3b890e1eb1e94	I can't swim! I don't wanna drown in there.	我不会游泳！我不想淹死在里面。	"needs review: 2 existing translation variants; the first occurrence is retained; variants=[{""count"":2,""translation"":""喽啰：我不会游泳！我不想淹死在里面。""},{""count"":1,""translation"":""我不会游泳！我不想淹死在里面。""}]"
