script	source_line	key	speaker	status	ru_text_file	audio_entry
WORLD\A1_MANSION_PART1.SCB	439	a1s1_ZMinion2_3	other	added	WORLD\RU\A1_MANSION_PART1.TXT	SOUND\A1S1_ZMINION2_3.WAV
WORLD\A1_MANSION_PART1.SCB	773	a1s1_Rayne_23.wav	Rayne	added	WORLD\RU\A1_MANSION_PART1.TXT	SOUND\A1S1_RAYNE_23.WAV
WORLD\A1_MANSION_PART1.SCB	776	a1s1_Rayne_24.wav	Rayne	added	WORLD\RU\A1_MANSION_PART1.TXT	SOUND\A1S1_RAYNE_24.WAV
WORLD\A1_MANSION_PART1.SCB	787	a1s1_MDhampir_1	other	added	WORLD\RU\A1_MANSION_PART1.TXT	SOUND\A1S1_MDHAMPIR_1.WAV
WORLD\A1_MANSION_PART2.SCB	159	a1s1_Rayne_19	Rayne	added	WORLD\RU\A1_MANSION_PART2.TXT	SOUND\A1S1_RAYNE_19.WAV
WORLD\A1_MANSION_PART2.SCB	163	a1s1_Rayne_20	Rayne	added	WORLD\RU\A1_MANSION_PART2.TXT	SOUND\A1S1_RAYNE_20.WAV
WORLD\A1_MANSION_PART2.SCB	166	a1s1_Rayne_21	Rayne	added	WORLD\RU\A1_MANSION_PART2.TXT	SOUND\A1S1_RAYNE_21.WAV
WORLD\A1_MANSION_PART2.SCB	170	a1s1_Rayne_22	Rayne	added	WORLD\RU\A1_MANSION_PART2.TXT	SOUND\A1S1_RAYNE_22.WAV
WORLD\A1_MANSION_PART2_5.SCB	403	a1s1_Rayne_20	Rayne	added	WORLD\RU\A1_MANSION_PART2_5.TXT	SOUND\A1S1_RAYNE_20.WAV
WORLD\A1_MANSION_PART2_5.SCB	413	a1s1_Rayne_22	Rayne	added	WORLD\RU\A1_MANSION_PART2_5.TXT	SOUND\A1S1_RAYNE_22.WAV
WORLD\A1_MANSION_PART3.SCB	86	a1s3_Severin_2	other	added	WORLD\RU\A1_MANSION_PART3.TXT	SOUND\A1S3_SEVERIN_2.WAV
WORLD\A1_MANSION_PART4.SCB	328	a1s2_Severin_20	other	added	WORLD\RU\A1_MANSION_PART4.TXT	SOUND\A1S2_SEVERIN_20.WAV
WORLD\A1_MANSION_PART4.SCB	356	a1s2_Zerenzki_10	other	added	WORLD\RU\A1_MANSION_PART4.TXT	SOUND\A1S2_ZERENZKI_10.WAV
WORLD\A1_MANSION_PART4.SCB	365	a1s2_Zerenzki_14	other	added	WORLD\RU\A1_MANSION_PART4.TXT	SOUND\A1S2_ZERENZKI_14.WAV
WORLD\A1_MANSION_PART4.SCB	369	a1s2_Zerenzki_15	other	added	WORLD\RU\A1_MANSION_PART4.TXT	SOUND\A1S2_ZERENZKI_15.WAV
WORLD\A1_MANSION_PART4.SCB	374	a1s2_Rayne_36	Rayne	added	WORLD\RU\A1_MANSION_PART4.TXT	SOUND\A1S2_RAYNE_36.WAV
WORLD\A1_MANSION_PART4.SCB	380	a1s2_Zerenzki_17	other	added	WORLD\RU\A1_MANSION_PART4.TXT	SOUND\A1S2_ZERENZKI_17.WAV
WORLD\A1_MANSION_PART4.SCB	389	Rayne_GetHurt_10.wav	Rayne	added	WORLD\RU\A1_MANSION_PART4.TXT	SOUND\RAYNE_GETHURT_10.WAV
WORLD\A1_MANSION_PART5.SCB	729	a1s2_Severin_20	other	added	WORLD\RU\A1_MANSION_PART5.TXT	SOUND\A1S2_SEVERIN_20.WAV
WORLD\A1_MANSION_PART5.SCB	799	a1s2_Rayne_28	Rayne	added	WORLD\RU\A1_MANSION_PART5.TXT	SOUND\A1S2_RAYNE_28.WAV
WORLD\A2_MEATPACKING.SCB	927	a2_Rayne_6	Rayne	added	WORLD\RU\A2_MEATPACKING.TXT	SOUND\A2_RAYNE_6.WAV
WORLD\A2_MEATPACKING.SCB	930	a2_Severin_7	other	added	WORLD\RU\A2_MEATPACKING.TXT	SOUND\A2_SEVERIN_7.WAV
WORLD\A2_MEATPACKING.SCB	940	a2_Rayne_10	Rayne	added	WORLD\RU\A2_MEATPACKING.TXT	SOUND\A2_RAYNE_10.WAV
WORLD\A2_MEATPACKING.SCB	948	a2_Rayne_9	Rayne	added	WORLD\RU\A2_MEATPACKING.TXT	SOUND\A2_RAYNE_9.WAV
WORLD\A2_MEATPACKING.SCB	958	a2_Rayne_7	Rayne	added	WORLD\RU\A2_MEATPACKING.TXT	SOUND\A2_RAYNE_7.WAV
WORLD\A2_MEATPACKING.SCB	967	a2_Severin_8	other	added	WORLD\RU\A2_MEATPACKING.TXT	SOUND\A2_SEVERIN_8.WAV
WORLD\A2_MEATPACKING.SCB	970	a2_Rayne_11	Rayne	added	WORLD\RU\A2_MEATPACKING.TXT	SOUND\A2_RAYNE_11.WAV
WORLD\A2_MEATPACKING.SCB	973	a2_Severin_9	other	added	WORLD\RU\A2_MEATPACKING.TXT	SOUND\A2_SEVERIN_9.WAV
WORLD\A2_MEATPACKING.SCB	976	a2_Rayne_12	Rayne	added	WORLD\RU\A2_MEATPACKING.TXT	SOUND\A2_RAYNE_12.WAV
WORLD\A2_MEATPACKING.SCB	979	a2_Severin_10	other	added	WORLD\RU\A2_MEATPACKING.TXT	SOUND\A2_SEVERIN_10.WAV
WORLD\A2_MEATPACKING.SCB	1036	a2_Rayne_14	Rayne	added	WORLD\RU\A2_MEATPACKING.TXT	SOUND\A2_RAYNE_14.WAV
WORLD\A2_MEATPACKING.SCB	1038	a2_Severin_11	other	added	WORLD\RU\A2_MEATPACKING.TXT	SOUND\A2_SEVERIN_11.WAV
WORLD\A2_MEATPACKING.SCB	1047	a2_Severin_12	other	added	WORLD\RU\A2_MEATPACKING.TXT	SOUND\A2_SEVERIN_12.WAV
WORLD\A2_MEATPACKING.SCB	1057	a2_Severin_14	other	added	WORLD\RU\A2_MEATPACKING.TXT	SOUND\A2_SEVERIN_14.WAV
WORLD\A2_MEATPACKING.SCB	1059	a2_Rayne_18	Rayne	added	WORLD\RU\A2_MEATPACKING.TXT	SOUND\A2_RAYNE_18.WAV
WORLD\A2_MEATPACKING.SCB	1068	a2_Severin_15	other	added	WORLD\RU\A2_MEATPACKING.TXT	SOUND\A2_SEVERIN_15.WAV
WORLD\A2_MEATPACKING.SCB	1070	a2_Rayne_22	Rayne	added	WORLD\RU\A2_MEATPACKING.TXT	SOUND\A2_RAYNE_22.WAV
WORLD\A2_MEATPACKING.SCB	1080	a2_Rayne_19	Rayne	added	WORLD\RU\A2_MEATPACKING.TXT	SOUND\A2_RAYNE_19.WAV
WORLD\A2_MEATPACKING.SCB	1092	a2_Rayne_20	Rayne	added	WORLD\RU\A2_MEATPACKING.TXT	SOUND\A2_RAYNE_20.WAV
WORLD\A2_MEATPACKING.SCB	1101	a2_Rayne_21	Rayne	added	WORLD\RU\A2_MEATPACKING.TXT	SOUND\A2_RAYNE_21.WAV
WORLD\A2_MEATPACKING.SCB	1103	a2_Severin_16	other	added	WORLD\RU\A2_MEATPACKING.TXT	SOUND\A2_SEVERIN_16.WAV
WORLD\A2_MEATPACKING.SCB	1112	a2_Severin_17	other	added	WORLD\RU\A2_MEATPACKING.TXT	SOUND\A2_SEVERIN_17.WAV
WORLD\A2_MEATPACKING.SCB	1123	a2_Minion1_19	other	added	WORLD\RU\A2_MEATPACKING.TXT	SOUND\A2_MINION1_19.WAV
WORLD\A2_MEATPACKING.SCB	1125	a2_Minion2_4	other	added	WORLD\RU\A2_MEATPACKING.TXT	SOUND\A2_MINION2_4.WAV
WORLD\A2_MEATPACKING.SCB	1134	a2_Severin_18	other	added	WORLD\RU\A2_MEATPACKING.TXT	SOUND\A2_SEVERIN_18.WAV
WORLD\A2_MEATPACKING.SCB	1142	a2_Rayne_24	Rayne	added	WORLD\RU\A2_MEATPACKING.TXT	SOUND\A2_RAYNE_24.WAV
WORLD\A2_MEATPACKING.SCB	1150	a2_Severin_19a	other	added	WORLD\RU\A2_MEATPACKING.TXT	SOUND\A2_SEVERIN_19A.WAV
WORLD\A2_MEATPACKING.SCB	1152	a2_Rayne_31	Rayne	added	WORLD\RU\A2_MEATPACKING.TXT	SOUND\A2_RAYNE_31.WAV
WORLD\A2_MEATPACKING.SCB	1491	a2_Severin_6	other	added	WORLD\RU\A2_MEATPACKING.TXT	SOUND\A2_SEVERIN_6.WAV
WORLD\A2_MEATPACKING.SCB	1529	a2_Severin_21	other	added	WORLD\RU\A2_MEATPACKING.TXT	SOUND\A2_SEVERIN_21.WAV
WORLD\A2_MEATPACKING.SCB	2675	a2_Rayne_15	Rayne	added	WORLD\RU\A2_MEATPACKING.TXT	SOUND\A2_RAYNE_15.WAV
WORLD\A2_MEATPACKING.SCB	2677	a2_Severin_13	other	added	WORLD\RU\A2_MEATPACKING.TXT	SOUND\A2_SEVERIN_13.WAV
WORLD\A2_MEATPACKING.SCB	2791	a2_Rayne_17	Rayne	added	WORLD\RU\A2_MEATPACKING.TXT	SOUND\A2_RAYNE_17.WAV
WORLD\A2_MEATPACKING_1.SCB	40	a2_Rayne_6	Rayne	already_boxed	WORLD\RU\A2_MEATPACKING_1.TXT	SOUND\A2_RAYNE_6.WAV
WORLD\A2_MEATPACKING_1.SCB	43	a2_Severin_7	other	already_boxed	WORLD\RU\A2_MEATPACKING_1.TXT	SOUND\A2_SEVERIN_7.WAV
WORLD\A2_MEATPACKING_1.SCB	49	a2_Rayne_10	Rayne	already_boxed	WORLD\RU\A2_MEATPACKING_1.TXT	SOUND\A2_RAYNE_10.WAV
WORLD\A2_MEATPACKING_1.SCB	53	a2_Rayne_9	Rayne	added	WORLD\RU\A2_MEATPACKING_1.TXT	SOUND\A2_RAYNE_9.WAV
WORLD\A2_MEATPACKING_1.SCB	129	a2_Minion2_1	other	added	WORLD\RU\A2_MEATPACKING_1.TXT	SOUND\A2_MINION2_1.WAV
WORLD\A2_MEATPACKING_2.SCB	307	a2_Severin_8	other	added	WORLD\RU\A2_MEATPACKING_2.TXT	SOUND\A2_SEVERIN_8.WAV
WORLD\A2_MEATPACKING_2.SCB	309	a2_Rayne_11	Rayne	added	WORLD\RU\A2_MEATPACKING_2.TXT	SOUND\A2_RAYNE_11.WAV
WORLD\A2_MEATPACKING_2.SCB	311	a2_Severin_9	other	added	WORLD\RU\A2_MEATPACKING_2.TXT	SOUND\A2_SEVERIN_9.WAV
WORLD\A2_MEATPACKING_2.SCB	313	a2_Rayne_12	Rayne	added	WORLD\RU\A2_MEATPACKING_2.TXT	SOUND\A2_RAYNE_12.WAV
WORLD\A2_MEATPACKING_2.SCB	315	a2_Severin_10	other	added	WORLD\RU\A2_MEATPACKING_2.TXT	SOUND\A2_SEVERIN_10.WAV
WORLD\A2_MEATPACKING_2.SCB	345	a2s1_Rayne_22	Rayne	added	WORLD\RU\A2_MEATPACKING_2.TXT	SOUND\A2S1_RAYNE_22.WAV
WORLD\A2_MEATPACKING_2.SCB	354	a2_Rayne_14	Rayne	already_boxed	WORLD\RU\A2_MEATPACKING_2.TXT	SOUND\A2_RAYNE_14.WAV
WORLD\A2_MEATPACKING_2.SCB	357	a2_Severin_11	other	already_boxed	WORLD\RU\A2_MEATPACKING_2.TXT	SOUND\A2_SEVERIN_11.WAV
WORLD\A2_MEATPACKING_2.SCB	366	a2_Severin_12	other	already_boxed	WORLD\RU\A2_MEATPACKING_2.TXT	SOUND\A2_SEVERIN_12.WAV
WORLD\A2_MEATPACKING_2.SCB	376	a2s1_Rayne_30	Rayne	added	WORLD\RU\A2_MEATPACKING_2.TXT	SOUND\A2S1_RAYNE_30.WAV
WORLD\A2_MEATPACKING_2.SCB	405	a2s1_Rayne_37	Rayne	added	WORLD\RU\A2_MEATPACKING_2.TXT	SOUND\A2S1_RAYNE_37.WAV
WORLD\A2_MEATPACKING_2.SCB	418	a2_Minion1_19	other	added	WORLD\RU\A2_MEATPACKING_2.TXT	SOUND\A2_MINION1_19.WAV
WORLD\A2_MEATPACKING_2.SCB	420	a2_Minion2_4	other	added	WORLD\RU\A2_MEATPACKING_2.TXT	SOUND\A2_MINION2_4.WAV
WORLD\A2_MEATPACKING_2.SCB	580	a2s1_Rayne_23	Rayne	added	WORLD\RU\A2_MEATPACKING_2.TXT	SOUND\A2S1_RAYNE_23.WAV
WORLD\A2_MEATPACKING_2.SCB	946	a2s1_Rayne_28	Rayne	added	WORLD\RU\A2_MEATPACKING_2.TXT	SOUND\A2S1_RAYNE_28.WAV
WORLD\A2_MEATPACKING_2.SCB	948	a2s1_Severin_17	other	added	WORLD\RU\A2_MEATPACKING_2.TXT	SOUND\A2S1_SEVERIN_17.WAV
WORLD\A2_MEATPACKING_2.SCB	961	a2s1_Kestrel1_1	other	added	WORLD\RU\A2_MEATPACKING_2.TXT	SOUND\A2S1_KESTREL1_1.WAV
WORLD\A2_MEATPACKING_2.SCB	972	a2s1_Rayne_29	Rayne	added	WORLD\RU\A2_MEATPACKING_2.TXT	SOUND\A2S1_RAYNE_29.WAV
WORLD\A2_MEATPACKING_2.SCB	975	a2s1_Kestrel1_2	other	added	WORLD\RU\A2_MEATPACKING_2.TXT	SOUND\A2S1_KESTREL1_2.WAV
WORLD\A2_MEATPACKING_2.SCB	1034	a2s1_Rayne_32	Rayne	added	WORLD\RU\A2_MEATPACKING_2.TXT	SOUND\A2S1_RAYNE_32.WAV
WORLD\A2_MEATPACKING_2.SCB	1039	a2s1_Kestrel1_6	other	added	WORLD\RU\A2_MEATPACKING_2.TXT	SOUND\A2S1_KESTREL1_6.WAV
WORLD\A2_SEWER_1.SCB	380	a5s3_MCivilian_1	other	added	WORLD\RU\A2_SEWER_1.TXT	SOUND\A5S3_MCIVILIAN_1.WAV
WORLD\A2_SEWER_1.SCB	382	a5s3_Minion1_1	other	added	WORLD\RU\A2_SEWER_1.TXT	SOUND\A5S3_MINION1_1.WAV
WORLD\A2_SEWER_1.SCB	385	a5s3_Minion2_2	other	added	WORLD\RU\A2_SEWER_1.TXT	SOUND\A5S3_MINION2_2.WAV
WORLD\A2_SEWER_1.SCB	778	a2s3_Kestrel1_25	other	added	WORLD\RU\A2_SEWER_1.TXT	SOUND\A2S3_KESTREL1_25.WAV
WORLD\A2_SEWER_1.SCB	784	a2s3_Kestrel1_26	other	added	WORLD\RU\A2_SEWER_1.TXT	SOUND\A2S3_KESTREL1_26.WAV
WORLD\A2_SEWER_1.SCB	796	a2s3_Rayne_28	Rayne	added	WORLD\RU\A2_SEWER_1.TXT	SOUND\A2S3_RAYNE_28.WAV
WORLD\A2_SEWER_1.SCB	800	a2s3_Kestrel1_27	other	added	WORLD\RU\A2_SEWER_1.TXT	SOUND\A2S3_KESTREL1_27.WAV
WORLD\A2_SEWER_1.SCB	834	a2s3_Severin_32	other	added	WORLD\RU\A2_SEWER_1.TXT	SOUND\A2S3_SEVERIN_32.WAV
WORLD\A2_SEWER_1.SCB	860	a2s3_Kestrel1_28	other	added	WORLD\RU\A2_SEWER_1.TXT	SOUND\A2S3_KESTREL1_28.WAV
WORLD\A2_SEWER_1.SCB	868	a2s3_Kestrel1_29	other	added	WORLD\RU\A2_SEWER_1.TXT	SOUND\A2S3_KESTREL1_29.WAV
WORLD\A2_SEWER_1.SCB	873	a2s3_Rayne_34	Rayne	added	WORLD\RU\A2_SEWER_1.TXT	SOUND\A2S3_RAYNE_34.WAV
WORLD\A2_SEWER_1.SCB	1236	a2s3_Severin_37	other	added	WORLD\RU\A2_SEWER_1.TXT	SOUND\A2S3_SEVERIN_37.WAV
WORLD\A2_SEWER_1.SCB	1909	a2s3_Slezz2	other	no_chinese_caption	WORLD\RU\A2_SEWER_1.TXT	SOUND\A2S3_SLEZZ2.WAV
WORLD\A2_SEWER_2.SCB	289	a2s3_Rayne_15	Rayne	added	WORLD\RU\A2_SEWER_2.TXT	SOUND\A2S3_RAYNE_15.WAV
WORLD\A2_SEWER_2.SCB	474	a2s3_Rayne_41	Rayne	already_boxed	WORLD\RU\A2_SEWER_2.TXT	SOUND\A2S3_RAYNE_41.WAV
WORLD\A2_SEWER_2.SCB	477	a2s3_Severin_40	other	already_boxed	WORLD\RU\A2_SEWER_2.TXT	SOUND\A2S3_SEVERIN_40.WAV
WORLD\A2_SEWER_2.SCB	594	a2s3_Rayne_16	Rayne	added	WORLD\RU\A2_SEWER_2.TXT	SOUND\A2S3_RAYNE_16.WAV
WORLD\A2_SEWER_2.SCB	1285	a2s3_FFMinion11	other	added	WORLD\RU\A2_SEWER_2.TXT	SOUND\A2S3_FFMINION11.WAV
WORLD\A2_SEWER_2.SCB	1287	a2s3_FMinion2_6	other	added	WORLD\RU\A2_SEWER_2.TXT	SOUND\A2S3_FMINION2_6.WAV
WORLD\A2_SEWER_2.SCB	1289	a2s3_FFMinion12	other	added	WORLD\RU\A2_SEWER_2.TXT	SOUND\A2S3_FFMINION12.WAV
WORLD\A2_SEWER_2.SCB	1291	a2s3_FMinion2_7	other	added	WORLD\RU\A2_SEWER_2.TXT	SOUND\A2S3_FMINION2_7.WAV
WORLD\A2_SEWER_2.SCB	1293	a2s3_FFMinion13	other	added	WORLD\RU\A2_SEWER_2.TXT	SOUND\A2S3_FFMINION13.WAV
WORLD\A2_SEWER_SLEZZARENA.SCB	45	a2s4_Rayne_12.wav	Rayne	added	WORLD\RU\A2_SEWER_SLEZZARENA.TXT	SOUND\A2S4_RAYNE_12.WAV
WORLD\A2_SEWER_SLEZZARENA.SCB	54	a2s4_Rayne_11.wav	Rayne	added	WORLD\RU\A2_SEWER_SLEZZARENA.TXT	SOUND\A2S4_RAYNE_11.WAV
WORLD\A2_SEWER_SLEZZARENA.SCB	59	SeverinHint2	other	no_audio	WORLD\RU\A2_SEWER_SLEZZARENA.TXT	SOUND\SEVERINHINT2.WAV
WORLD\A2_SEWER_SLEZZARENA.SCB	85	a2s3_slezz18	other	added	WORLD\RU\A2_SEWER_SLEZZARENA.TXT	SOUND\A2S3_SLEZZ18.WAV
WORLD\A2_SEWER_SLEZZARENA.SCB	105	a2s3_slezz19	other	added	WORLD\RU\A2_SEWER_SLEZZARENA.TXT	SOUND\A2S3_SLEZZ19.WAV
WORLD\A2_SEWER_SLEZZARENA.SCB	140	a2s3_slezz13	other	added	WORLD\RU\A2_SEWER_SLEZZARENA.TXT	SOUND\A2S3_SLEZZ13.WAV
WORLD\A2_SEWER_SLEZZARENA.SCB	144	a2s3_slezz14	other	added	WORLD\RU\A2_SEWER_SLEZZARENA.TXT	SOUND\A2S3_SLEZZ14.WAV
WORLD\A2_SEWER_SLEZZARENA.SCB	151	a2s3_slezz15	other	added	WORLD\RU\A2_SEWER_SLEZZARENA.TXT	SOUND\A2S3_SLEZZ15.WAV
WORLD\A2_SEWER_SLEZZARENA.SCB	158	a2s3_slezz16	other	added	WORLD\RU\A2_SEWER_SLEZZARENA.TXT	SOUND\A2S3_SLEZZ16.WAV
WORLD\A2_SEWER_SLEZZARENA.SCB	177	a2s3_slezz17	other	added	WORLD\RU\A2_SEWER_SLEZZARENA.TXT	SOUND\A2S3_SLEZZ17.WAV
WORLD\A2_SEWER_SLEZZARENA.SCB	216	a2s3_slezz24.wav	other	added	WORLD\RU\A2_SEWER_SLEZZARENA.TXT	SOUND\A2S3_SLEZZ24.WAV
WORLD\A2_SEWER_SLEZZARENA.SCB	233	a2s4_Severin_6.wav	other	added	WORLD\RU\A2_SEWER_SLEZZARENA.TXT	SOUND\A2S4_SEVERIN_6.WAV
WORLD\A2_SEWER_SLEZZARENA.SCB	277	a2s3_slezz31	other	no_chinese_caption	WORLD\RU\A2_SEWER_SLEZZARENA.TXT	SOUND\A2S3_SLEZZ31.WAV
WORLD\A2_SEWER_SLEZZARENA.SCB	379	a2s4_Severin_12	other	added	WORLD\RU\A2_SEWER_SLEZZARENA.TXT	SOUND\A2S4_SEVERIN_12.WAV
WORLD\A2_SUBWAY1.SCB	541	a2s5_FMinion1_1.wav	other	added	WORLD\RU\A2_SUBWAY1.TXT	SOUND\A2S5_FMINION1_1.WAV
WORLD\A2_SUBWAY1.SCB	558	a2s5_FMinion2_1.wav	other	added	WORLD\RU\A2_SUBWAY1.TXT	SOUND\A2S5_FMINION2_1.WAV
WORLD\A2_SUBWAY1.SCB	575	a2s5_FMinion3_1.wav	other	added	WORLD\RU\A2_SUBWAY1.TXT	SOUND\A2S5_FMINION3_1.WAV
WORLD\A2_SUBWAY1.SCB	635	a2s5_FMinion1_2.wav	other	added	WORLD\RU\A2_SUBWAY1.TXT	SOUND\A2S5_FMINION1_2.WAV
WORLD\A2_UNIONSTATION_PART1.SCB	311	a2s2_Rayne_14.wav	Rayne	added	WORLD\RU\A2_UNIONSTATION_PART1.TXT	SOUND\A2S2_RAYNE_14.WAV
WORLD\A2_UNIONSTATION_PART1.SCB	321	a2s2_Kestrel1_22.wav	other	added	WORLD\RU\A2_UNIONSTATION_PART1.TXT	SOUND\A2S2_KESTREL1_22.WAV
WORLD\A2_UNIONSTATION_PART1.SCB	329	a2s2_Rayne_15.wav	Rayne	added	WORLD\RU\A2_UNIONSTATION_PART1.TXT	SOUND\A2S2_RAYNE_15.WAV
WORLD\A2_UNIONSTATION_PART1.SCB	441	a2s2_Kestrel1_17	other	added	WORLD\RU\A2_UNIONSTATION_PART1.TXT	SOUND\A2S2_KESTREL1_17.WAV
WORLD\A2_UNIONSTATION_PART1.SCB	445	a2s2_Kestrel2_3.wav	other	added	WORLD\RU\A2_UNIONSTATION_PART1.TXT	SOUND\A2S2_KESTREL2_3.WAV
WORLD\A2_UNIONSTATION_PART1.SCB	454	a2s2_Rayne_9	Rayne	added	WORLD\RU\A2_UNIONSTATION_PART1.TXT	SOUND\A2S2_RAYNE_9.WAV
WORLD\A2_UNIONSTATION_PART1.SCB	459	a2s2_Kestrel1_18	other	added	WORLD\RU\A2_UNIONSTATION_PART1.TXT	SOUND\A2S2_KESTREL1_18.WAV
WORLD\A2_UNIONSTATION_PART1.SCB	465	a2s2_Kestrel2_4.wav	other	added	WORLD\RU\A2_UNIONSTATION_PART1.TXT	SOUND\A2S2_KESTREL2_4.WAV
WORLD\A2_UNIONSTATION_PART1.SCB	475	a2s2_Kestrel1_19.wav	other	added	WORLD\RU\A2_UNIONSTATION_PART1.TXT	SOUND\A2S2_KESTREL1_19.WAV
WORLD\A2_UNIONSTATION_PART1.SCB	626	a2s2_Rayne_11.wav	Rayne	added	WORLD\RU\A2_UNIONSTATION_PART1.TXT	SOUND\A2S2_RAYNE_11.WAV
WORLD\A2_UNIONSTATION_PART2.SCB	383	a2s5_Kestrel1_32.wav	other	added	WORLD\RU\A2_UNIONSTATION_PART2.TXT	SOUND\A2S5_KESTREL1_32.WAV
WORLD\A2_UNIONSTATION_PART2.SCB	443	a2s2_FMinion1_20.wav	other	added	WORLD\RU\A2_UNIONSTATION_PART2.TXT	SOUND\A2S2_FMINION1_20.WAV
WORLD\A2_UNIONSTATION_PART2.SCB	452	a2s2_FMinion2_12.wav	other	added	WORLD\RU\A2_UNIONSTATION_PART2.TXT	SOUND\A2S2_FMINION2_12.WAV
WORLD\A2_UNIONSTATION_PART2.SCB	460	a2s2_FMinion3_7.wav	other	added	WORLD\RU\A2_UNIONSTATION_PART2.TXT	SOUND\A2S2_FMINION3_7.WAV
WORLD\A2_UNIONSTATION_PART2.SCB	469	a2s2_Rayne_24.wav	Rayne	added	WORLD\RU\A2_UNIONSTATION_PART2.TXT	SOUND\A2S2_RAYNE_24.WAV
WORLD\A2_UNIONSTATION_PART2.SCB	519	a2s2_FMinion2_13.wav	other	added	WORLD\RU\A2_UNIONSTATION_PART2.TXT	SOUND\A2S2_FMINION2_13.WAV
WORLD\A2_UNIONSTATION_PART2.SCB	530	a2s2_FMinion1_21.wav	other	added	WORLD\RU\A2_UNIONSTATION_PART2.TXT	SOUND\A2S2_FMINION1_21.WAV
WORLD\A2_UNIONSTATION_PART3.SCB	506	a2s2_FMinion1_24.wav	other	added	WORLD\RU\A2_UNIONSTATION_PART3.TXT	SOUND\A2S2_FMINION1_24.WAV
WORLD\A2_UNIONSTATION_PART3.SCB	510	a2s2_FMinion2_17.wav	other	added	WORLD\RU\A2_UNIONSTATION_PART3.TXT	SOUND\A2S2_FMINION2_17.WAV
WORLD\A2_UNIONSTATION_PART3.SCB	615	a2s2_Ephemera_7.wav	other	added	WORLD\RU\A2_UNIONSTATION_PART3.TXT	SOUND\A2S2_EPHEMERA_7.WAV
WORLD\A2_UNIONSTATION_PART3.SCB	646	a2s2_Rayne_44.wav	Rayne	added	WORLD\RU\A2_UNIONSTATION_PART3.TXT	SOUND\A2S2_RAYNE_44.WAV
WORLD\A2_UNIONSTATION_PART3.SCB	653	a2s2_Ephemera_8.wav	other	added	WORLD\RU\A2_UNIONSTATION_PART3.TXT	SOUND\A2S2_EPHEMERA_8.WAV
WORLD\A2_UNIONSTATION_PART3.SCB	666	a2s2_Ephemera_9.wav	other	added	WORLD\RU\A2_UNIONSTATION_PART3.TXT	SOUND\A2S2_EPHEMERA_9.WAV
WORLD\A2_UNIONSTATION_PART3.SCB	670	a2s2_Rayne_47.wav	Rayne	added	WORLD\RU\A2_UNIONSTATION_PART3.TXT	SOUND\A2S2_RAYNE_47.WAV
WORLD\A2_UNIONSTATION_PART3.SCB	850	a2s2_Rayne_41.wav	Rayne	added	WORLD\RU\A2_UNIONSTATION_PART3.TXT	SOUND\A2S2_RAYNE_41.WAV
WORLD\A2_UNIONSTATION_PART3.SCB	904	a2s2_Rayne_30.wav	Rayne	added	WORLD\RU\A2_UNIONSTATION_PART3.TXT	SOUND\A2S2_RAYNE_30.WAV
WORLD\A2_UNIONSTATION_PART3.SCB	1010	a2s2_Ephemera_11.wav	other	added	WORLD\RU\A2_UNIONSTATION_PART3.TXT	SOUND\A2S2_EPHEMERA_11.WAV
WORLD\A2_UNIONSTATION_PART3.SCB	1015	a2s2_Rayne_50.wav	Rayne	added	WORLD\RU\A2_UNIONSTATION_PART3.TXT	SOUND\A2S2_RAYNE_50.WAV
WORLD\A2_UNIONSTATION_PART3.SCB	1194	a2s2_Severin_15.wav	other	added	WORLD\RU\A2_UNIONSTATION_PART3.TXT	SOUND\A2S2_SEVERIN_15.WAV
WORLD\A2_UNIONSTATION_PART3.SCB	1221	a2s2_Rayne_39.wav	Rayne	added	WORLD\RU\A2_UNIONSTATION_PART3.TXT	SOUND\A2S2_RAYNE_39.WAV
WORLD\A2_UNIONSTATION_PART3.SCB	1228	a2s2_Severin_16.wav	other	added	WORLD\RU\A2_UNIONSTATION_PART3.TXT	SOUND\A2S2_SEVERIN_16.WAV
WORLD\A2_UNIONSTATION_PART3.SCB	1233	a2s2_Rayne_40.wav	Rayne	added	WORLD\RU\A2_UNIONSTATION_PART3.TXT	SOUND\A2S2_RAYNE_40.WAV
WORLD\A2_UNIONSTATION_PART3.SCB	1432	a2s2_Severin_16.wav	other	added	WORLD\RU\A2_UNIONSTATION_PART3.TXT	SOUND\A2S2_SEVERIN_16.WAV
WORLD\A3_SHROUDTOWER_ASCENT.SCB	582	a3s4_Rayne_6	Rayne	added	WORLD\RU\A3_SHROUDTOWER_ASCENT.TXT	SOUND\A3S4_RAYNE_6.WAV
WORLD\A3_SHROUDTOWER_ASCENT.SCB	615	a5s1_Minion_3	other	added	WORLD\RU\A3_SHROUDTOWER_ASCENT.TXT	SOUND\A5S1_MINION_3.WAV
WORLD\A3_SHROUDTOWER_ASCENT.SCB	1411	a5S1_Minion_1	other	added	WORLD\RU\A3_SHROUDTOWER_ASCENT.TXT	SOUND\A5S1_MINION_1.WAV
WORLD\A3_SHROUDTOWER_ASCENT.SCB	1416	a5S1_Minion_2	other	added	WORLD\RU\A3_SHROUDTOWER_ASCENT.TXT	SOUND\A5S1_MINION_2.WAV
WORLD\A3_WETWORKS_N_1.SCB	335	a3s1_LMinion1_1	other	added	WORLD\RU\A3_WETWORKS_N_1.TXT	SOUND\A3S1_LMINION1_1.WAV
WORLD\A3_WETWORKS_N_1.SCB	429	a5s2_Severin_1	other	added	WORLD\RU\A3_WETWORKS_N_1.TXT	SOUND\A5S2_SEVERIN_1.WAV
WORLD\A3_WETWORKS_N_1.SCB	1105	a3s1_LMinion11_13	other	added	WORLD\RU\A3_WETWORKS_N_1.TXT	SOUND\A3S1_LMINION11_13.WAV
WORLD\A3_WETWORKS_N_1.SCB	1125	a3s1_LMinion12_12	other	added	WORLD\RU\A3_WETWORKS_N_1.TXT	SOUND\A3S1_LMINION12_12.WAV
WORLD\A3_WETWORKS_S_1.SCB	176	a3s3_LMinion1_8	other	added	WORLD\RU\A3_WETWORKS_S_1.TXT	SOUND\A3S3_LMINION1_8.WAV
WORLD\A3_WETWORKS_S_1.SCB	184	a3s3_LMinion2_8	other	added	WORLD\RU\A3_WETWORKS_S_1.TXT	SOUND\A3S3_LMINION2_8.WAV
WORLD\A4_KAGANSTOWER_1.SCB	604	a4s1_Severin_27	other	added	WORLD\RU\A4_KAGANSTOWER_1.TXT	SOUND\A4S1_SEVERIN_27.WAV
WORLD\A4_KAGANSTOWER_2.SCB	601	a4s2_Rayne_20	Rayne	added	WORLD\RU\A4_KAGANSTOWER_2.TXT	SOUND\A4S2_RAYNE_20.WAV
WORLD\A4_KAGANSTOWER_2.SCB	649	a4s2_Severin_6	other	already_boxed	WORLD\RU\A4_KAGANSTOWER_2.TXT	SOUND\A4S2_SEVERIN_6.WAV
WORLD\A4_KAGANSTOWER_2.SCB	652	a4s2_Severin_8	other	already_boxed	WORLD\RU\A4_KAGANSTOWER_2.TXT	SOUND\A4S2_SEVERIN_8.WAV
WORLD\A4_KAGANSTOWER_2.SCB	654	KElite_Taunt_a_03	other	added	WORLD\RU\A4_KAGANSTOWER_2.TXT	SOUND\KELITE_TAUNT_A_03.WAV
WORLD\A4_KAGANSTOWER_2.SCB	663	a4s2_Rayne_21	Rayne	added	WORLD\RU\A4_KAGANSTOWER_2.TXT	SOUND\A4S2_RAYNE_21.WAV
WORLD\A4_KAGANSTOWER_BIOARMOR.SCB	41	a4s3_Ferril_3	other	added	WORLD\RU\A4_KAGANSTOWER_BIOARMOR.TXT	SOUND\A4S3_FERRIL_3.WAV
WORLD\A4_KAGANSTOWER_BIOARMOR.SCB	81	a4s3_Xerx_9	other	added	WORLD\RU\A4_KAGANSTOWER_BIOARMOR.TXT	SOUND\A4S3_XERX_9.WAV
WORLD\A4_KAGANSTOWER_PENTHOUSE.SCB	120	a4s3_Kagan_5	other	added	WORLD\RU\A4_KAGANSTOWER_PENTHOUSE.TXT	SOUND\A4S3_KAGAN_5.WAV
WORLD\A4_KAGANSTOWER_PENTHOUSE.SCB	190	a4s3_Rayne_24	Rayne	added	WORLD\RU\A4_KAGANSTOWER_PENTHOUSE.TXT	SOUND\A4S3_RAYNE_24.WAV
WORLD\A4_KAGANSTOWER_PENTHOUSE.SCB	197	a4s3_Rayne_25	Rayne	added	WORLD\RU\A4_KAGANSTOWER_PENTHOUSE.TXT	SOUND\A4S3_RAYNE_25.WAV
WORLD\A4_KAGANSTOWER_PENTHOUSE.SCB	204	a4s3_Rayne_26	Rayne	added	WORLD\RU\A4_KAGANSTOWER_PENTHOUSE.TXT	SOUND\A4S3_RAYNE_26.WAV
WORLD\A4_KAGANSTOWER_PENTHOUSE.SCB	221	a4s3_Severin_4	other	added	WORLD\RU\A4_KAGANSTOWER_PENTHOUSE.TXT	SOUND\A4S3_SEVERIN_4.WAV
WORLD\A4_KAGANSTOWER_PENTHOUSE.SCB	230	a4s3_Rayne_29	Rayne	added	WORLD\RU\A4_KAGANSTOWER_PENTHOUSE.TXT	SOUND\A4S3_RAYNE_29.WAV
WORLD\A4_KAGANSTOWER_PENTHOUSE.SCB	243	a4s3_Rayne_32	Rayne	added	WORLD\RU\A4_KAGANSTOWER_PENTHOUSE.TXT	SOUND\A4S3_RAYNE_32.WAV
WORLD\A4_KAGANSTOWER_UNRAVELLER.SCB	273	a4s2_Rayne_34	Rayne	added	WORLD\RU\A4_KAGANSTOWER_UNRAVELLER.TXT	SOUND\A4S2_RAYNE_34.WAV
WORLD\A4_PARK_1.SCB	456	a4s1_Rayne_17	Rayne	added	WORLD\RU\A4_PARK_1.TXT	SOUND\A4S1_RAYNE_17.WAV
WORLD\A4_PARK_1.SCB	460	a4s1_Rayne_19	Rayne	added	WORLD\RU\A4_PARK_1.TXT	SOUND\A4S1_RAYNE_19.WAV
WORLD\A4_PARK_1.SCB	468	a4s1_SLegion_1	other	added	WORLD\RU\A4_PARK_1.TXT	SOUND\A4S1_SLEGION_1.WAV
WORLD\A4_PARK_1.SCB	470	a4s1_Rayne_20	Rayne	added	WORLD\RU\A4_PARK_1.TXT	SOUND\A4S1_RAYNE_20.WAV
WORLD\A4_PARK_1.SCB	543	a5s3_Rayne_1	Rayne	added	WORLD\RU\A4_PARK_1.TXT	SOUND\A5S3_RAYNE_1.WAV
WORLD\A4_PARK_1.SCB	556	a4s1_Severin_21	other	added	WORLD\RU\A4_PARK_1.TXT	SOUND\A4S1_SEVERIN_21.WAV
WORLD\A4_PARK_1.SCB	560	a4s1_Rayne_26	Rayne	added	WORLD\RU\A4_PARK_1.TXT	SOUND\A4S1_RAYNE_26.WAV
WORLD\A4_PARK_1.SCB	588	a5s3_Rayne_2	Rayne	added	WORLD\RU\A4_PARK_1.TXT	SOUND\A5S3_RAYNE_2.WAV
WORLD\A4_PARK_1.SCB	646	a5s3_Minion2_7	other	added	WORLD\RU\A4_PARK_1.TXT	SOUND\A5S3_MINION2_7.WAV
WORLD\A4_PARK_1.SCB	650	a5s3_Minion2_8	other	added	WORLD\RU\A4_PARK_1.TXT	SOUND\A5S3_MINION2_8.WAV
WORLD\A4_PARK_1.SCB	653	a5s3_Minion2_9	other	added	WORLD\RU\A4_PARK_1.TXT	SOUND\A5S3_MINION2_9.WAV
WORLD\A4_PARK_1.SCB	655	a5s3_Minion2_10	other	added	WORLD\RU\A4_PARK_1.TXT	SOUND\A5S3_MINION2_10.WAV
WORLD\A4_PARK_1.SCB	663	a5s3_Rayne_3	Rayne	added	WORLD\RU\A4_PARK_1.TXT	SOUND\A5S3_RAYNE_3.WAV
WORLD\A4_PARK_1.SCB	810	a4s1_FDhampir2_1	other	added	WORLD\RU\A4_PARK_1.TXT	SOUND\A4S1_FDHAMPIR2_1.WAV
WORLD\A4_PARK_1.SCB	826	a4s1_FDhampir2_2	other	added	WORLD\RU\A4_PARK_1.TXT	SOUND\A4S1_FDHAMPIR2_2.WAV
WORLD\A4_PARK_1.SCB	830	a4s1_Rayne_32	Rayne	added	WORLD\RU\A4_PARK_1.TXT	SOUND\A4S1_RAYNE_32.WAV
WORLD\A4_PARK_2.SCB	242	a4s1_Severin_26	other	added	WORLD\RU\A4_PARK_2.TXT	SOUND\A4S1_SEVERIN_26.WAV
WORLD\A4_PARK_2.SCB	246	a4s1_Rayne_35	Rayne	added	WORLD\RU\A4_PARK_2.TXT	SOUND\A4S1_RAYNE_35.WAV
WORLD\A4_PARK_2.SCB	250	a4s1_Rayne_36	Rayne	added	WORLD\RU\A4_PARK_2.TXT	SOUND\A4S1_RAYNE_36.WAV
WORLD\A4_PARK_2.SCB	254	a5s3_Rayne_4	Rayne	added	WORLD\RU\A4_PARK_2.TXT	SOUND\A5S3_RAYNE_4.WAV
WORLD\A4_PARK_2.SCB	303	a4s1_Rayne_38	Rayne	added	WORLD\RU\A4_PARK_2.TXT	SOUND\A4S1_RAYNE_38.WAV
WORLD\A4_PARK_2.SCB	444	a4s1_Rayne_40	Rayne	added	WORLD\RU\A4_PARK_2.TXT	SOUND\A4S1_RAYNE_40.WAV
WORLD\A4_PARK_2.SCB	456	a4s1_Rayne_42	Rayne	added	WORLD\RU\A4_PARK_2.TXT	SOUND\A4S1_RAYNE_42.WAV
WORLD\A4_PARK_2.SCB	459	a5s3_SLEgion_1	other	added	WORLD\RU\A4_PARK_2.TXT	SOUND\A5S3_SLEGION_1.WAV
WORLD\A4_PARK_2.SCB	464	a4s1_Rayne_21	Rayne	added	WORLD\RU\A4_PARK_2.TXT	SOUND\A4S1_RAYNE_21.WAV
WORLD\A4_PARK_2.SCB	468	a5s3_SLEgion_1	other	added	WORLD\RU\A4_PARK_2.TXT	SOUND\A5S3_SLEGION_1.WAV
WORLD\A4_PARK_2.SCB	472	a4s1_Rayne_22	Rayne	added	WORLD\RU\A4_PARK_2.TXT	SOUND\A4S1_RAYNE_22.WAV
WORLD\A4_PARK_2.SCB	1197	a4s1_Ephemera_37	other	added	WORLD\RU\A4_PARK_2.TXT	SOUND\A4S1_EPHEMERA_37.WAV
WORLD\A4_PARK_2.SCB	1199	a4s1_Rayne_54	Rayne	added	WORLD\RU\A4_PARK_2.TXT	SOUND\A4S1_RAYNE_54.WAV
WORLD\A4_PARK_2.SCB	1204	a4s1_Ephemera_38	other	added	WORLD\RU\A4_PARK_2.TXT	SOUND\A4S1_EPHEMERA_38.WAV
WORLD\A4_PARK_2.SCB	1209	a4s1_Rayne_55	Rayne	added	WORLD\RU\A4_PARK_2.TXT	SOUND\A4S1_RAYNE_55.WAV
WORLD\A4_PARK_2.SCB	1213	a4s1_Ephemera_39	other	added	WORLD\RU\A4_PARK_2.TXT	SOUND\A4S1_EPHEMERA_39.WAV
WORLD\A4_PARK_2.SCB	1591	a4s1_Severin_30	other	already_boxed	WORLD\RU\A4_PARK_2.TXT	SOUND\A4S1_SEVERIN_30.WAV
WORLD\A4_PARK_CINEMAT_1.SCB	81	a4s1_Severin_1	other	added	WORLD\RU\A4_PARK_CINEMAT_1.TXT	SOUND\A4S1_SEVERIN_1.WAV
WORLD\A4_PARK_CINEMAT_1.SCB	97	a4s1_Severin_2	other	added	WORLD\RU\A4_PARK_CINEMAT_1.TXT	SOUND\A4S1_SEVERIN_2.WAV
WORLD\A4_PARK_CINEMAT_1.SCB	111	a4s1_Severin_3	other	added	WORLD\RU\A4_PARK_CINEMAT_1.TXT	SOUND\A4S1_SEVERIN_3.WAV
WORLD\A4_PARK_CINEMAT_1.SCB	136	a4s1_Severin_5	other	added	WORLD\RU\A4_PARK_CINEMAT_1.TXT	SOUND\A4S1_SEVERIN_5.WAV
WORLD\A4_PARK_CINEMAT_1.SCB	156	a4s1_Severin_6	other	added	WORLD\RU\A4_PARK_CINEMAT_1.TXT	SOUND\A4S1_SEVERIN_6.WAV
WORLD\A4_PARK_CINEMAT_1.SCB	183	a4s1_Severin_8	other	added	WORLD\RU\A4_PARK_CINEMAT_1.TXT	SOUND\A4S1_SEVERIN_8.WAV
WORLD\A4_PARK_CINEMAT_1.SCB	196	a4s1_Severin_9	other	added	WORLD\RU\A4_PARK_CINEMAT_1.TXT	SOUND\A4S1_SEVERIN_9.WAV
WORLD\A4_PARK_CINEMAT_1.SCB	215	a4s1_Rayne_7	Rayne	added	WORLD\RU\A4_PARK_CINEMAT_1.TXT	SOUND\A4S1_RAYNE_7.WAV
WORLD\A4_PARK_CINEMAT_1.SCB	222	a4s1_Severin_10	other	added	WORLD\RU\A4_PARK_CINEMAT_1.TXT	SOUND\A4S1_SEVERIN_10.WAV
WORLD\A4_PARK_CINEMAT_2.SCB	115	a4s1_Severin_43	other	added	WORLD\RU\A4_PARK_CINEMAT_2.TXT	SOUND\A4S1_SEVERIN_43.WAV
WORLD\A4_PARK_CINEMAT_2.SCB	160	a4s1_Ferril_5	other	added	WORLD\RU\A4_PARK_CINEMAT_2.TXT	SOUND\A4S1_FERRIL_5.WAV
WORLD\A4_PARK_CINEMAT_2.SCB	177	a4s1_Severin_45	other	added	WORLD\RU\A4_PARK_CINEMAT_2.TXT	SOUND\A4S1_SEVERIN_45.WAV
WORLD\A4_PARK_CINEMAT_2.SCB	196	a4s1_Ferril_6	other	added	WORLD\RU\A4_PARK_CINEMAT_2.TXT	SOUND\A4S1_FERRIL_6.WAV
