cue_id	cue_prefix	english_wav_count	trigger	current_caption_status
0	Rayne_Alert	10	engine voice table	requires runtime cue-to-caption hook
1	Rayne_AmbientKagTower	0	engine voice table	requires runtime cue-to-caption hook
2	Rayne_AmbientMansion	4	engine voice table	requires runtime cue-to-caption hook
3	Rayne_AmbientMeatpack	7	engine voice table	requires runtime cue-to-caption hook
4	Rayne_AmbientPark	7	engine voice table	requires runtime cue-to-caption hook
5	Rayne_AmbientSewers	8	engine voice table	requires runtime cue-to-caption hook
6	Rayne_AmbientShroud	6	engine voice table	requires runtime cue-to-caption hook
7	Rayne_AmbientUnion	5	engine voice table	requires runtime cue-to-caption hook
8	Rayne_AmbientWetworks	0	engine voice table	requires runtime cue-to-caption hook
9	Rayne_AttackBlade	6	engine voice table	requires runtime cue-to-caption hook
10	Rayne_AttackGun	0	engine voice table	requires runtime cue-to-caption hook
11	Rayne_AttackHarpoon	0	engine voice table	requires runtime cue-to-caption hook
12	Rayne_AttackKick	13	engine voice table	requires runtime cue-to-caption hook
13	Rayne_Die	3	engine voice table	requires runtime cue-to-caption hook
14	Rayne_Dismember	10	engine voice table	requires runtime cue-to-caption hook
15	Rayne_Drown	0	engine voice table	requires runtime cue-to-caption hook
16	Rayne_Elude	0	engine voice table	requires runtime cue-to-caption hook
17	Rayne_EphemeraAttack	3	engine voice table	requires runtime cue-to-caption hook
18	Rayne_EphemeraDie	1	engine voice table	requires runtime cue-to-caption hook
19	Rayne_EphemeraElude	6	engine voice table	requires runtime cue-to-caption hook
20	Rayne_EphemeraGetHurt	0	engine voice table	requires runtime cue-to-caption hook
21	Rayne_EphemeraKill	1	engine voice table	requires runtime cue-to-caption hook
22	Rayne_EphemeraTaunt	9	engine voice table	requires runtime cue-to-caption hook
23	Rayne_Feed	10	engine voice table	requires runtime cue-to-caption hook
24	Rayne_FerrilAttack	3	engine voice table	requires runtime cue-to-caption hook
25	Rayne_FerrilDie	1	engine voice table	requires runtime cue-to-caption hook
26	Rayne_FerrilElude	4	engine voice table	requires runtime cue-to-caption hook
27	Rayne_FerrilGetHurt	11	engine voice table	requires runtime cue-to-caption hook
28	Rayne_FerrilKill	1	engine voice table	requires runtime cue-to-caption hook
29	Rayne_FerrilTaunt	6	engine voice table	requires runtime cue-to-caption hook
30	Rayne_GetHurt	11	engine voice table	requires runtime cue-to-caption hook
31	Rayne_HintGunDrain	3	engine voice table	requires runtime cue-to-caption hook
32	Rayne_HintHurtBad	3	engine voice table	requires runtime cue-to-caption hook
33	Rayne_HintNeedRage	0	engine voice table	requires runtime cue-to-caption hook
34	Rayne_KaganAttack	7	engine voice table	requires runtime cue-to-caption hook
35	Rayne_KaganDie	0	engine voice table	requires runtime cue-to-caption hook
36	Rayne_KaganElude	4	engine voice table	requires runtime cue-to-caption hook
37	Rayne_KaganGetHurt	13	engine voice table	requires runtime cue-to-caption hook
38	Rayne_KaganKill	0	engine voice table	requires runtime cue-to-caption hook
39	Rayne_KaganTaunt	6	engine voice table	requires runtime cue-to-caption hook
40	Rayne_Kill	10	engine voice table	requires runtime cue-to-caption hook
41	Rayne_OnFire	12	engine voice table	requires runtime cue-to-caption hook
42	Rayne_Shocked	4	engine voice table	requires runtime cue-to-caption hook
43	Rayne_SlezzAttack	3	engine voice table	requires runtime cue-to-caption hook
44	Rayne_SlezzDie	1	engine voice table	requires runtime cue-to-caption hook
45	Rayne_SlezzElude	0	engine voice table	requires runtime cue-to-caption hook
46	Rayne_SlezzGetHurt	11	engine voice table	requires runtime cue-to-caption hook
47	Rayne_SlezzKill	1	engine voice table	requires runtime cue-to-caption hook
48	Rayne_SlezzTaunt	3	engine voice table	requires runtime cue-to-caption hook
49	Rayne_Surprise	0	engine voice table	requires runtime cue-to-caption hook
50	Rayne_Taunt	3	engine voice table	requires runtime cue-to-caption hook
51	Rayne_UnravelerDie	0	engine voice table	requires runtime cue-to-caption hook
52	Rayne_UnravelerGetHurt	0	engine voice table	requires runtime cue-to-caption hook
53	Rayne_UnravelerKill	0	engine voice table	requires runtime cue-to-caption hook
54	Rayne_UnravelerTaunt	0	engine voice table	requires runtime cue-to-caption hook
55	Rayne_Guns	0	engine voice table	requires runtime cue-to-caption hook
56	Rayne_Health	0	engine voice table	requires runtime cue-to-caption hook
57	Rayne_Kick	0	engine voice table	requires runtime cue-to-caption hook
58	Rayne_Rage	0	engine voice table	requires runtime cue-to-caption hook
59	Rayne_XerxBDie	0	engine voice table	requires runtime cue-to-caption hook
60	Rayne_XerxBGetHurt	4	engine voice table	requires runtime cue-to-caption hook
61	Rayne_XerxBTaunt	5	engine voice table	requires runtime cue-to-caption hook
62	Rayne_XerxBDie	0	engine voice table	requires runtime cue-to-caption hook
63	Rayne_XerxBGetHurt	4	engine voice table	requires runtime cue-to-caption hook
64	Rayne_XerxBTaunt	5	engine voice table	requires runtime cue-to-caption hook
65	Rayne_ZerenskiAttack	4	engine voice table	requires runtime cue-to-caption hook
66	Rayne_ZerenskiDie	0	engine voice table	requires runtime cue-to-caption hook
67	Rayne_ZerenskiElude	4	engine voice table	requires runtime cue-to-caption hook
68	Rayne_ZerenskiGetHurt	1	engine voice table	requires runtime cue-to-caption hook
69	Rayne_ZerenskiKill	1	engine voice table	requires runtime cue-to-caption hook
70	Rayne_ZerenskiShootBat	0	engine voice table	requires runtime cue-to-caption hook
71	Rayne_ZerenskiTaunt	4	engine voice table	requires runtime cue-to-caption hook
