script	source_line	key	status	ru_text_file	audio_entry
WORLD\0BIOARMOR.SCB	159	a4s3_Xerx_13	added	WORLD\RU\0BIOARMOR.TXT	SOUND\A4S3_XERX_13.WAV
WORLD\0BIOARMOR.SCB	160	a4s3_Xerx_14	added	WORLD\RU\0BIOARMOR.TXT	SOUND\A4S3_XERX_14.WAV
WORLD\0BIOARMOR.SCB	161	a4s3_Rayne_16	added	WORLD\RU\0BIOARMOR.TXT	SOUND\A4S3_RAYNE_16.WAV
WORLD\0BIOARMOR.SCB	162	a4s3_Rayne_17	added	WORLD\RU\0BIOARMOR.TXT	SOUND\A4S3_RAYNE_17.WAV
WORLD\0BIOARMOR.SCB	163	a4s3_Rayne_18	added	WORLD\RU\0BIOARMOR.TXT	SOUND\A4S3_RAYNE_18.WAV
WORLD\A1_MANSION_PART1.SCB	209	a1s1_ZMinion1_1	added	WORLD\RU\A1_MANSION_PART1.TXT	SOUND\A1S1_ZMINION1_1.WAV
WORLD\A1_MANSION_PART1.SCB	211	a1s1_Rayne_12	added	WORLD\RU\A1_MANSION_PART1.TXT	SOUND\A1S1_RAYNE_12.WAV
WORLD\A1_MANSION_PART1.SCB	442	a1s1_ZMinion1_3	added	WORLD\RU\A1_MANSION_PART1.TXT	SOUND\A1S1_ZMINION1_3.WAV
WORLD\A1_MANSION_PART1.SCB	637	a1s1_ZMinion1_4	added	WORLD\RU\A1_MANSION_PART1.TXT	SOUND\A1S1_ZMINION1_4.WAV
WORLD\A1_MANSION_PART1.SCB	641	a1s1_ZMinion2_4	added	WORLD\RU\A1_MANSION_PART1.TXT	SOUND\A1S1_ZMINION2_4.WAV
WORLD\A1_MANSION_PART1.SCB	642	a1s1_ZMinion3_2	added	WORLD\RU\A1_MANSION_PART1.TXT	SOUND\A1S1_ZMINION3_2.WAV
WORLD\A1_MANSION_PART1.SCB	645	a1s1_Rayne_16	added	WORLD\RU\A1_MANSION_PART1.TXT	SOUND\A1S1_RAYNE_16.WAV
WORLD\A1_MANSION_PART1.SCB	786	a1s1_Rayne_25	added	WORLD\RU\A1_MANSION_PART1.TXT	SOUND\A1S1_RAYNE_25.WAV
WORLD\A1_MANSION_PART1.SCB	794	a1s1_Rayne_26	added	WORLD\RU\A1_MANSION_PART1.TXT	SOUND\A1S1_RAYNE_26.WAV
WORLD\A1_MANSION_PART1.SCB	834	a1s1_Rayne_27	added	WORLD\RU\A1_MANSION_PART1.TXT	SOUND\A1S1_RAYNE_27.WAV
WORLD\A1_MANSION_PART1.SCB	888	a1s1_Rayne_18	added	WORLD\RU\A1_MANSION_PART1.TXT	SOUND\A1S1_RAYNE_18.WAV
WORLD\A1_MANSION_PART2.SCB	213	a1s2_ZMinion1_1	added	WORLD\RU\A1_MANSION_PART2.TXT	SOUND\A1S2_ZMINION1_1.WAV
WORLD\A1_MANSION_PART2.SCB	215	a1s2_Rayne_1	added	WORLD\RU\A1_MANSION_PART2.TXT	SOUND\A1S2_RAYNE_1.WAV
WORLD\A1_MANSION_PART2.SCB	246	a1s2_ZMinion1_2	added	WORLD\RU\A1_MANSION_PART2.TXT	SOUND\A1S2_ZMINION1_2.WAV
WORLD\A1_MANSION_PART2.SCB	247	a1s2_ZMinion2_1	added	WORLD\RU\A1_MANSION_PART2.TXT	SOUND\A1S2_ZMINION2_1.WAV
WORLD\A1_MANSION_PART2.SCB	288	a1s2_Rayne_2	added	WORLD\RU\A1_MANSION_PART2.TXT	SOUND\A1S2_RAYNE_2.WAV
WORLD\A1_MANSION_PART2.SCB	290	a1s2_Severin_1	added	WORLD\RU\A1_MANSION_PART2.TXT	SOUND\A1S2_SEVERIN_1.WAV
WORLD\A1_MANSION_PART2.SCB	292	a1s2_Rayne_3	added	WORLD\RU\A1_MANSION_PART2.TXT	SOUND\A1S2_RAYNE_3.WAV
WORLD\A1_MANSION_PART2.SCB	293	a1s2_Severin_2	added	WORLD\RU\A1_MANSION_PART2.TXT	SOUND\A1S2_SEVERIN_2.WAV
WORLD\A1_MANSION_PART2.SCB	294	a1s2_Rayne_4	added	WORLD\RU\A1_MANSION_PART2.TXT	SOUND\A1S2_RAYNE_4.WAV
WORLD\A1_MANSION_PART2.SCB	337	a1s2_Rayne_5	added	WORLD\RU\A1_MANSION_PART2.TXT	SOUND\A1S2_RAYNE_5.WAV
WORLD\A1_MANSION_PART2.SCB	338	a1s2_Severin_3	added	WORLD\RU\A1_MANSION_PART2.TXT	SOUND\A1S2_SEVERIN_3.WAV
WORLD\A1_MANSION_PART2.SCB	339	a1s2_Rayne_6	added	WORLD\RU\A1_MANSION_PART2.TXT	SOUND\A1S2_RAYNE_6.WAV
WORLD\A1_MANSION_PART2_5.SCB	217	a1s1_Rayne_25	added	WORLD\RU\A1_MANSION_PART2_5.TXT	SOUND\A1S1_RAYNE_25.WAV
WORLD\A1_MANSION_PART2_5.SCB	220	a1s1_MDhampir_1.wav	added	WORLD\RU\A1_MANSION_PART2_5.TXT	SOUND\A1S1_MDHAMPIR_1.WAV
WORLD\A1_MANSION_PART2_5.SCB	223	a1s1_Rayne_26	added	WORLD\RU\A1_MANSION_PART2_5.TXT	SOUND\A1S1_RAYNE_26.WAV
WORLD\A1_MANSION_PART2_5.SCB	307	a1s1_Rayne_27	added	WORLD\RU\A1_MANSION_PART2_5.TXT	SOUND\A1S1_RAYNE_27.WAV
WORLD\A1_MANSION_PART2_5.SCB	397	a1s1_Rayne_19	added	WORLD\RU\A1_MANSION_PART2_5.TXT	SOUND\A1S1_RAYNE_19.WAV
WORLD\A1_MANSION_PART2_5.SCB	410	a1s1_Rayne_21	added	WORLD\RU\A1_MANSION_PART2_5.TXT	SOUND\A1S1_RAYNE_21.WAV
WORLD\A1_MANSION_PART2_5.SCB	508	a1s2_ZMinion1_1	added	WORLD\RU\A1_MANSION_PART2_5.TXT	SOUND\A1S2_ZMINION1_1.WAV
WORLD\A1_MANSION_PART2_5.SCB	514	a1s2_Rayne_1	added	WORLD\RU\A1_MANSION_PART2_5.TXT	SOUND\A1S2_RAYNE_1.WAV
WORLD\A1_MANSION_PART2_5.SCB	570	a1s2_ZMinion1_2	added	WORLD\RU\A1_MANSION_PART2_5.TXT	SOUND\A1S2_ZMINION1_2.WAV
WORLD\A1_MANSION_PART2_5.SCB	571	a1s2_ZMinion2_1	added	WORLD\RU\A1_MANSION_PART2_5.TXT	SOUND\A1S2_ZMINION2_1.WAV
WORLD\A1_MANSION_PART2_5.SCB	657	a1s2_Rayne_2	added	WORLD\RU\A1_MANSION_PART2_5.TXT	SOUND\A1S2_RAYNE_2.WAV
WORLD\A1_MANSION_PART2_5.SCB	663	a1s2_Severin_1	added	WORLD\RU\A1_MANSION_PART2_5.TXT	SOUND\A1S2_SEVERIN_1.WAV
WORLD\A1_MANSION_PART2_5.SCB	664	a1s2_Rayne_3	added	WORLD\RU\A1_MANSION_PART2_5.TXT	SOUND\A1S2_RAYNE_3.WAV
WORLD\A1_MANSION_PART2_5.SCB	665	a1s2_Severin_2	added	WORLD\RU\A1_MANSION_PART2_5.TXT	SOUND\A1S2_SEVERIN_2.WAV
WORLD\A1_MANSION_PART2_5.SCB	666	a1s2_Rayne_4	added	WORLD\RU\A1_MANSION_PART2_5.TXT	SOUND\A1S2_RAYNE_4.WAV
WORLD\A1_MANSION_PART2_5.SCB	761	a1s2_Rayne_5	added	WORLD\RU\A1_MANSION_PART2_5.TXT	SOUND\A1S2_RAYNE_5.WAV
WORLD\A1_MANSION_PART2_5.SCB	762	a1s2_Severin_3	added	WORLD\RU\A1_MANSION_PART2_5.TXT	SOUND\A1S2_SEVERIN_3.WAV
WORLD\A1_MANSION_PART2_5.SCB	763	a1s2_Rayne_6	added	WORLD\RU\A1_MANSION_PART2_5.TXT	SOUND\A1S2_RAYNE_6.WAV
WORLD\A1_MANSION_PART3.SCB	80	a1s3_Severin_1	added	WORLD\RU\A1_MANSION_PART3.TXT	SOUND\A1S3_SEVERIN_1.WAV
WORLD\A1_MANSION_PART3.SCB	84	a1s3_Rayne_2	added	WORLD\RU\A1_MANSION_PART3.TXT	SOUND\A1S3_RAYNE_2.WAV
WORLD\A1_MANSION_PART3.SCB	89	a1s3_Rayne_1	added	WORLD\RU\A1_MANSION_PART3.TXT	SOUND\A1S3_RAYNE_1.WAV
WORLD\A1_MANSION_PART3.SCB	117	a1s3_Rayne_3	added	WORLD\RU\A1_MANSION_PART3.TXT	SOUND\A1S3_RAYNE_3.WAV
WORLD\A1_MANSION_PART3.SCB	123	a1s3_Rayne_3	added	WORLD\RU\A1_MANSION_PART3.TXT	SOUND\A1S3_RAYNE_3.WAV
WORLD\A1_MANSION_PART3.SCB	129	a1s3_Rayne_4	added	WORLD\RU\A1_MANSION_PART3.TXT	SOUND\A1S3_RAYNE_4.WAV
WORLD\A1_MANSION_PART4.SCB	108	a1s2_Zerenzki_16	added	WORLD\RU\A1_MANSION_PART4.TXT	SOUND\A1S2_ZERENZKI_16.WAV
WORLD\A1_MANSION_PART4.SCB	109	a1s2_Zerenzki_17	added	WORLD\RU\A1_MANSION_PART4.TXT	SOUND\A1S2_ZERENZKI_17.WAV
WORLD\A1_MANSION_PART4.SCB	122	a1s2_Rayne_37	added	WORLD\RU\A1_MANSION_PART4.TXT	SOUND\A1S2_RAYNE_37.WAV
WORLD\A1_MANSION_PART4.SCB	260	a1s2_Severin_17	already_boxed	WORLD\RU\A1_MANSION_PART4.TXT	SOUND\A1S2_SEVERIN_17.WAV
WORLD\A1_MANSION_PART4.SCB	262	a1s2_Rayne_26	already_boxed	WORLD\RU\A1_MANSION_PART4.TXT	SOUND\A1S2_RAYNE_26.WAV
WORLD\A1_MANSION_PART4.SCB	264	a1s2_Severin_18	already_boxed	WORLD\RU\A1_MANSION_PART4.TXT	SOUND\A1S2_SEVERIN_18.WAV
WORLD\A1_MANSION_PART4.SCB	325	a1s2_Severin_19	added	WORLD\RU\A1_MANSION_PART4.TXT	SOUND\A1S2_SEVERIN_19.WAV
WORLD\A1_MANSION_PART4.SCB	327	a1s2_Rayne_27	added	WORLD\RU\A1_MANSION_PART4.TXT	SOUND\A1S2_RAYNE_27.WAV
WORLD\A1_MANSION_PART4.SCB	361	a1s2_Rayne_35	added	WORLD\RU\A1_MANSION_PART4.TXT	SOUND\A1S2_RAYNE_35.WAV
WORLD\A1_MANSION_PART4.SCB	379	a1s2_Zerenzki_16	added	WORLD\RU\A1_MANSION_PART4.TXT	SOUND\A1S2_ZERENZKI_16.WAV
WORLD\A1_MANSION_PART5.SCB	169	a1s2_Zerenzki_16	added	WORLD\RU\A1_MANSION_PART5.TXT	SOUND\A1S2_ZERENZKI_16.WAV
WORLD\A1_MANSION_PART5.SCB	170	a1s2_Zerenzki_17	added	WORLD\RU\A1_MANSION_PART5.TXT	SOUND\A1S2_ZERENZKI_17.WAV
WORLD\A1_MANSION_PART5.SCB	197	a1s2_Rayne_37	added	WORLD\RU\A1_MANSION_PART5.TXT	SOUND\A1S2_RAYNE_37.WAV
WORLD\A1_MANSION_PART5.SCB	561	a1s2_Severin_17	added	WORLD\RU\A1_MANSION_PART5.TXT	SOUND\A1S2_SEVERIN_17.WAV
WORLD\A1_MANSION_PART5.SCB	562	a1s2_Rayne_26	added	WORLD\RU\A1_MANSION_PART5.TXT	SOUND\A1S2_RAYNE_26.WAV
WORLD\A1_MANSION_PART5.SCB	563	a1s2_Severin_18	added	WORLD\RU\A1_MANSION_PART5.TXT	SOUND\A1S2_SEVERIN_18.WAV
WORLD\A1_MANSION_PART5.SCB	720	a1s2_Severin_19	added	WORLD\RU\A1_MANSION_PART5.TXT	SOUND\A1S2_SEVERIN_19.WAV
WORLD\A1_MANSION_PART5.SCB	726	a1s2_Rayne_27	added	WORLD\RU\A1_MANSION_PART5.TXT	SOUND\A1S2_RAYNE_27.WAV
WORLD\A1_MANSION_PART5.SCB	796	a1s2_Zerenzki_5	added	WORLD\RU\A1_MANSION_PART5.TXT	SOUND\A1S2_ZERENZKI_5.WAV
WORLD\A1_MANSION_PART5.SCB	841	a1s2_Zerenzki_6	added	WORLD\RU\A1_MANSION_PART5.TXT	SOUND\A1S2_ZERENZKI_6.WAV
WORLD\A1_MANSION_PART5.SCB	842	a1s2_Rayne_29	added	WORLD\RU\A1_MANSION_PART5.TXT	SOUND\A1S2_RAYNE_29.WAV
WORLD\A1_MANSION_PART5.SCB	848	a1s2_Zerenzki_7	added	WORLD\RU\A1_MANSION_PART5.TXT	SOUND\A1S2_ZERENZKI_7.WAV
WORLD\A1_MANSION_PART5.SCB	849	a1s2_Rayne_30	added	WORLD\RU\A1_MANSION_PART5.TXT	SOUND\A1S2_RAYNE_30.WAV
WORLD\A1_MANSION_PART5.SCB	850	a1s2_Zerenzki_8	added	WORLD\RU\A1_MANSION_PART5.TXT	SOUND\A1S2_ZERENZKI_8.WAV
WORLD\A1_MANSION_PART5.SCB	856	a1s2_Rayne_31	added	WORLD\RU\A1_MANSION_PART5.TXT	SOUND\A1S2_RAYNE_31.WAV
WORLD\A1_MANSION_PART5.SCB	857	a1s2_Zerenzki_9	added	WORLD\RU\A1_MANSION_PART5.TXT	SOUND\A1S2_ZERENZKI_9.WAV
WORLD\A1_MANSION_PART5.SCB	858	a1s2_Rayne_32	added	WORLD\RU\A1_MANSION_PART5.TXT	SOUND\A1S2_RAYNE_32.WAV
WORLD\A1_MANSION_PART5.SCB	864	a1s2_Zerenzki_10	added	WORLD\RU\A1_MANSION_PART5.TXT	SOUND\A1S2_ZERENZKI_10.WAV
WORLD\A1_MANSION_PART5.SCB	865	a1s2_Rayne_33	added	WORLD\RU\A1_MANSION_PART5.TXT	SOUND\A1S2_RAYNE_33.WAV
WORLD\A1_MANSION_PART5.SCB	866	a1s2_Zerenzki_11	added	WORLD\RU\A1_MANSION_PART5.TXT	SOUND\A1S2_ZERENZKI_11.WAV
WORLD\A1_MANSION_PART5.SCB	867	a1s2_Zerenzki_12	added	WORLD\RU\A1_MANSION_PART5.TXT	SOUND\A1S2_ZERENZKI_12.WAV
WORLD\A1_MANSION_PART5.SCB	868	a1s2_Rayne_34	added	WORLD\RU\A1_MANSION_PART5.TXT	SOUND\A1S2_RAYNE_34.WAV
WORLD\A1_MANSION_PART5.SCB	869	a1s2_Zerenzki_13	added	WORLD\RU\A1_MANSION_PART5.TXT	SOUND\A1S2_ZERENZKI_13.WAV
WORLD\A1_MANSION_PART5.SCB	870	a1s2_Rayne_35	added	WORLD\RU\A1_MANSION_PART5.TXT	SOUND\A1S2_RAYNE_35.WAV
WORLD\A1_MANSION_PART5.SCB	876	a1s2_Zerenzki_14	added	WORLD\RU\A1_MANSION_PART5.TXT	SOUND\A1S2_ZERENZKI_14.WAV
WORLD\A1_MANSION_PART5.SCB	877	a1s2_Zerenzki_15	added	WORLD\RU\A1_MANSION_PART5.TXT	SOUND\A1S2_ZERENZKI_15.WAV
WORLD\A1_MANSION_PART5.SCB	878	a1s2_Rayne_36	added	WORLD\RU\A1_MANSION_PART5.TXT	SOUND\A1S2_RAYNE_36.WAV
WORLD\A1_MANSION_ROOFARENA.SCB	144	a1s2_Severin_27	already_boxed	WORLD\RU\A1_MANSION_ROOFARENA.TXT	SOUND\A1S2_SEVERIN_27.WAV
WORLD\A1_MANSION_ROOFARENA.SCB	146	a1s2_Rayne_48	already_boxed	WORLD\RU\A1_MANSION_ROOFARENA.TXT	SOUND\A1S2_RAYNE_48.WAV
WORLD\A1_MANSION_ROOFARENA.SCB	148	a1s2_Severin_28	already_boxed	WORLD\RU\A1_MANSION_ROOFARENA.TXT	SOUND\A1S2_SEVERIN_28.WAV
WORLD\A2_MEATPACKING_1.SCB	59	a2_Rayne_7	already_boxed	WORLD\RU\A2_MEATPACKING_1.TXT	SOUND\A2_RAYNE_7.WAV
WORLD\A2_MEATPACKING_1.SCB	63	a2s1_Rayne_15	added	WORLD\RU\A2_MEATPACKING_1.TXT	SOUND\A2S1_RAYNE_15.WAV
WORLD\A2_MEATPACKING_1.SCB	68	a2s1_Rayne_19	already_boxed	WORLD\RU\A2_MEATPACKING_1.TXT	SOUND\A2S1_RAYNE_19.WAV
WORLD\A2_MEATPACKING_1.SCB	75	a2s1_Rayne_10	added	WORLD\RU\A2_MEATPACKING_1.TXT	SOUND\A2S1_RAYNE_10.WAV
WORLD\A2_MEATPACKING_2.SCB	349	a2s1_Severin_34	added	WORLD\RU\A2_MEATPACKING_2.TXT	SOUND\A2S1_SEVERIN_34.WAV
WORLD\A2_MEATPACKING_2.SCB	381	a2s1_Severin_18	already_boxed	WORLD\RU\A2_MEATPACKING_2.TXT	SOUND\A2S1_SEVERIN_18.WAV
WORLD\A2_MEATPACKING_2.SCB	383	a2s1_Rayne_33	already_boxed	WORLD\RU\A2_MEATPACKING_2.TXT	SOUND\A2S1_RAYNE_33.WAV
WORLD\A2_MEATPACKING_2.SCB	390	a2_Severin_15	added	WORLD\RU\A2_MEATPACKING_2.TXT	SOUND\A2_SEVERIN_15.WAV
WORLD\A2_MEATPACKING_2.SCB	391	a2_Rayne_22	added	WORLD\RU\A2_MEATPACKING_2.TXT	SOUND\A2_RAYNE_22.WAV
WORLD\A2_MEATPACKING_2.SCB	394	a2_Rayne_19	added	WORLD\RU\A2_MEATPACKING_2.TXT	SOUND\A2_RAYNE_19.WAV
WORLD\A2_MEATPACKING_2.SCB	400	a2s1_Kestrel1_11	added	WORLD\RU\A2_MEATPACKING_2.TXT	SOUND\A2S1_KESTREL1_11.WAV
WORLD\A2_MEATPACKING_2.SCB	402	a2_Rayne_20	added	WORLD\RU\A2_MEATPACKING_2.TXT	SOUND\A2_RAYNE_20.WAV
WORLD\A2_MEATPACKING_2.SCB	406	a2s1_Severin_20	added	WORLD\RU\A2_MEATPACKING_2.TXT	SOUND\A2S1_SEVERIN_20.WAV
WORLD\A2_MEATPACKING_2.SCB	407	a2s1_Rayne_38	added	WORLD\RU\A2_MEATPACKING_2.TXT	SOUND\A2S1_RAYNE_38.WAV
WORLD\A2_MEATPACKING_2.SCB	408	a2s1_Severin_21	added	WORLD\RU\A2_MEATPACKING_2.TXT	SOUND\A2S1_SEVERIN_21.WAV
WORLD\A2_MEATPACKING_2.SCB	409	a2s1_Severin_22	added	WORLD\RU\A2_MEATPACKING_2.TXT	SOUND\A2S1_SEVERIN_22.WAV
WORLD\A2_MEATPACKING_2.SCB	410	a2s1_Severin_23	added	WORLD\RU\A2_MEATPACKING_2.TXT	SOUND\A2S1_SEVERIN_23.WAV
WORLD\A2_MEATPACKING_2.SCB	414	a2_Severin_17	already_boxed	WORLD\RU\A2_MEATPACKING_2.TXT	SOUND\A2_SEVERIN_17.WAV
WORLD\A2_MEATPACKING_2.SCB	425	a2_Severin_18	already_boxed	WORLD\RU\A2_MEATPACKING_2.TXT	SOUND\A2_SEVERIN_18.WAV
WORLD\A2_MEATPACKING_2.SCB	434	a2_Rayne_24	added	WORLD\RU\A2_MEATPACKING_2.TXT	SOUND\A2_RAYNE_24.WAV
WORLD\A2_MEATPACKING_2.SCB	435	a2s1_Kestrel1_12	added	WORLD\RU\A2_MEATPACKING_2.TXT	SOUND\A2S1_KESTREL1_12.WAV
WORLD\A2_MEATPACKING_2.SCB	438	a2s1_Rayne_45	added	WORLD\RU\A2_MEATPACKING_2.TXT	SOUND\A2S1_RAYNE_45.WAV
WORLD\A2_MEATPACKING_2.SCB	439	a2s1_Severin_29	added	WORLD\RU\A2_MEATPACKING_2.TXT	SOUND\A2S1_SEVERIN_29.WAV
WORLD\A2_MEATPACKING_2.SCB	440	a2s1_Severin_30	added	WORLD\RU\A2_MEATPACKING_2.TXT	SOUND\A2S1_SEVERIN_30.WAV
WORLD\A2_SEWER_1.SCB	866	a2s3_Rayne_33	added	WORLD\RU\A2_SEWER_1.TXT	SOUND\A2S3_RAYNE_33.WAV
WORLD\A2_SEWER_1.SCB	1232	a2s3_Severin_36	added	WORLD\RU\A2_SEWER_1.TXT	SOUND\A2S3_SEVERIN_36.WAV
WORLD\A2_SEWER_1.SCB	1234	a2s3_Rayne_37	added	WORLD\RU\A2_SEWER_1.TXT	SOUND\A2S3_RAYNE_37.WAV
WORLD\A2_SEWER_1.SCB	1769	a2s3_Rayne_1	already_boxed	WORLD\RU\A2_SEWER_1.TXT	SOUND\A2S3_RAYNE_1.WAV
WORLD\A2_SEWER_1.SCB	1771	a2s3_Severin_1	already_boxed	WORLD\RU\A2_SEWER_1.TXT	SOUND\A2S3_SEVERIN_1.WAV
WORLD\A2_SEWER_1.SCB	1810	a2s3_Rayne_24	already_boxed	WORLD\RU\A2_SEWER_1.TXT	SOUND\A2S3_RAYNE_24.WAV
WORLD\A2_SEWER_1.SCB	1813	a2s3_Rayne_25	already_boxed	WORLD\RU\A2_SEWER_1.TXT	SOUND\A2S3_RAYNE_25.WAV
WORLD\A2_SEWER_1.SCB	1815	a2s3_Severin_19	already_boxed	WORLD\RU\A2_SEWER_1.TXT	SOUND\A2S3_SEVERIN_19.WAV
WORLD\A2_SEWER_1.SCB	1817	a2s3_Rayne_14	already_boxed	WORLD\RU\A2_SEWER_1.TXT	SOUND\A2S3_RAYNE_14.WAV
WORLD\A2_SEWER_1.SCB	1820	a2s3_Severin_18	added	WORLD\RU\A2_SEWER_1.TXT	SOUND\A2S3_SEVERIN_18.WAV
WORLD\A2_SEWER_1.SCB	1821	a2s3_Rayne_11	added	WORLD\RU\A2_SEWER_1.TXT	SOUND\A2S3_RAYNE_11.WAV
WORLD\A2_SEWER_1.SCB	1876	a2s3_Rayne_2	already_boxed	WORLD\RU\A2_SEWER_1.TXT	SOUND\A2S3_RAYNE_2.WAV
WORLD\A2_SEWER_1.SCB	1878	a2s3_Severin_2	already_boxed	WORLD\RU\A2_SEWER_1.TXT	SOUND\A2S3_SEVERIN_2.WAV
WORLD\A2_SEWER_1.SCB	1883	a2s3_FMinion1_6	added	WORLD\RU\A2_SEWER_1.TXT	SOUND\A2S3_FMINION1_6.WAV
WORLD\A2_SEWER_1.SCB	1884	a2s3_FMinion1_7	added	WORLD\RU\A2_SEWER_1.TXT	SOUND\A2S3_FMINION1_7.WAV
WORLD\A2_SEWER_1.SCB	1888	a2s3_Rayne_21	already_boxed	WORLD\RU\A2_SEWER_1.TXT	SOUND\A2S3_RAYNE_21.WAV
WORLD\A2_SEWER_1.SCB	1890	a2s3_Severin_23	already_boxed	WORLD\RU\A2_SEWER_1.TXT	SOUND\A2S3_SEVERIN_23.WAV
WORLD\A2_SEWER_1.SCB	1892	a2s3_Rayne_22	already_boxed	WORLD\RU\A2_SEWER_1.TXT	SOUND\A2S3_RAYNE_22.WAV
WORLD\A2_SEWER_1.SCB	1894	a2s3_Severin_24	already_boxed	WORLD\RU\A2_SEWER_1.TXT	SOUND\A2S3_SEVERIN_24.WAV
WORLD\A2_SEWER_1.SCB	1898	a2s3_Severin_25	already_boxed	WORLD\RU\A2_SEWER_1.TXT	SOUND\A2S3_SEVERIN_25.WAV
WORLD\A2_SEWER_1.SCB	1900	a2s3_Severin_26	already_boxed	WORLD\RU\A2_SEWER_1.TXT	SOUND\A2S3_SEVERIN_26.WAV
WORLD\A2_SEWER_1.SCB	1904	a2s3_Rayne_23	already_boxed	WORLD\RU\A2_SEWER_1.TXT	SOUND\A2S3_RAYNE_23.WAV
WORLD\A2_SEWER_1.SCB	1906	a2s3_Severin_29	already_boxed	WORLD\RU\A2_SEWER_1.TXT	SOUND\A2S3_SEVERIN_29.WAV
WORLD\A2_SEWER_1.SCB	1914	a2s3_Severin_10	already_boxed	WORLD\RU\A2_SEWER_1.TXT	SOUND\A2S3_SEVERIN_10.WAV
WORLD\A2_SEWER_1.SCB	1916	a2s3_Rayne_5	already_boxed	WORLD\RU\A2_SEWER_1.TXT	SOUND\A2S3_RAYNE_5.WAV
WORLD\A2_SEWER_1.SCB	1929	a2s3_Rayne_26	already_boxed	WORLD\RU\A2_SEWER_1.TXT	SOUND\A2S3_RAYNE_26.WAV
WORLD\A2_SEWER_1.SCB	1931	a2s3_Severin_30	already_boxed	WORLD\RU\A2_SEWER_1.TXT	SOUND\A2S3_SEVERIN_30.WAV
WORLD\A2_SEWER_1.SCB	1934	a2s3_FMinion1_13	added	WORLD\RU\A2_SEWER_1.TXT	SOUND\A2S3_FMINION1_13.WAV
WORLD\A2_SEWER_1.SCB	1935	a2s3_FMinion2_19	added	WORLD\RU\A2_SEWER_1.TXT	SOUND\A2S3_FMINION2_19.WAV
WORLD\A2_SEWER_1.SCB	1936	a2s3_FMinion1_14	added	WORLD\RU\A2_SEWER_1.TXT	SOUND\A2S3_FMINION1_14.WAV
WORLD\A2_SEWER_1.SCB	1938	a2s3_FMinion1_15	added	WORLD\RU\A2_SEWER_1.TXT	SOUND\A2S3_FMINION1_15.WAV
WORLD\A2_SEWER_1.SCB	1942	a2s3_Rayne_27	already_boxed	WORLD\RU\A2_SEWER_1.TXT	SOUND\A2S3_RAYNE_27.WAV
WORLD\A2_SEWER_1.SCB	1944	a2s3_Severin_31	already_boxed	WORLD\RU\A2_SEWER_1.TXT	SOUND\A2S3_SEVERIN_31.WAV
WORLD\A2_SEWER_1.SCB	1947	a2s3_Severin_32	added	WORLD\RU\A2_SEWER_1.TXT	SOUND\A2S3_SEVERIN_32.WAV
WORLD\A2_SEWER_1.SCB	1951	a2s3_Rayne_30	already_boxed	WORLD\RU\A2_SEWER_1.TXT	SOUND\A2S3_RAYNE_30.WAV
WORLD\A2_SEWER_1.SCB	1953	a2s3_Severin_33	already_boxed	WORLD\RU\A2_SEWER_1.TXT	SOUND\A2S3_SEVERIN_33.WAV
WORLD\A2_SEWER_1.SCB	1956	a2s3_Rayne_31	added	WORLD\RU\A2_SEWER_1.TXT	SOUND\A2S3_RAYNE_31.WAV
WORLD\A2_SEWER_1.SCB	1957	a2s3_Severin_34	added	WORLD\RU\A2_SEWER_1.TXT	SOUND\A2S3_SEVERIN_34.WAV
WORLD\A2_SEWER_1.SCB	1959	a2s3_Rayne_32	added	WORLD\RU\A2_SEWER_1.TXT	SOUND\A2S3_RAYNE_32.WAV
WORLD\A2_SEWER_1.SCB	1962	a2s3_Severin_35	added	WORLD\RU\A2_SEWER_1.TXT	SOUND\A2S3_SEVERIN_35.WAV
WORLD\A2_SEWER_1.SCB	1979	a5s3_Rayne_0	already_boxed	WORLD\RU\A2_SEWER_1.TXT	SOUND\A5S3_RAYNE_0.WAV
WORLD\A2_SEWER_1.SCB	1982	a2s3_Severin_36	added	WORLD\RU\A2_SEWER_1.TXT	SOUND\A2S3_SEVERIN_36.WAV
WORLD\A2_SEWER_1.SCB	1984	a2s3_Rayne_37	added	WORLD\RU\A2_SEWER_1.TXT	SOUND\A2S3_RAYNE_37.WAV
WORLD\A2_SEWER_1.SCB	1986	a2s3_Severin_37	added	WORLD\RU\A2_SEWER_1.TXT	SOUND\A2S3_SEVERIN_37.WAV
WORLD\A2_SEWER_2.SCB	1261	a2s3_Severin_3	added	WORLD\RU\A2_SEWER_2.TXT	SOUND\A2S3_SEVERIN_3.WAV
WORLD\A2_SEWER_2.SCB	1262	a2s3_Severin_6	added	WORLD\RU\A2_SEWER_2.TXT	SOUND\A2S3_SEVERIN_6.WAV
WORLD\A2_SEWER_2.SCB	1263	a2s3_Rayne_3	added	WORLD\RU\A2_SEWER_2.TXT	SOUND\A2S3_RAYNE_3.WAV
WORLD\A2_SEWER_2.SCB	1264	a2s3_Severin_7	added	WORLD\RU\A2_SEWER_2.TXT	SOUND\A2S3_SEVERIN_7.WAV
WORLD\A2_SEWER_2.SCB	1265	a2s3_Rayne_4	added	WORLD\RU\A2_SEWER_2.TXT	SOUND\A2S3_RAYNE_4.WAV
WORLD\A2_SEWER_2.SCB	1266	a2s3_Severin_8	added	WORLD\RU\A2_SEWER_2.TXT	SOUND\A2S3_SEVERIN_8.WAV
WORLD\A2_SEWER_2.SCB	1267	a2s3_Severin_9	added	WORLD\RU\A2_SEWER_2.TXT	SOUND\A2S3_SEVERIN_9.WAV
WORLD\A2_SEWER_2.SCB	1270	a2s3_Severin_38	added	WORLD\RU\A2_SEWER_2.TXT	SOUND\A2S3_SEVERIN_38.WAV
WORLD\A2_SEWER_2.SCB	1273	a2s3_Severin_39	added	WORLD\RU\A2_SEWER_2.TXT	SOUND\A2S3_SEVERIN_39.WAV
WORLD\A2_SEWER_2.SCB	1276	a2s3_Rayne_38	added	WORLD\RU\A2_SEWER_2.TXT	SOUND\A2S3_RAYNE_38.WAV
WORLD\A2_SEWER_2.SCB	1280	a2s3_Rayne_39	already_boxed	WORLD\RU\A2_SEWER_2.TXT	SOUND\A2S3_RAYNE_39.WAV
WORLD\A2_SEWER_2.SCB	1282	a2s3_Rayne_40	already_boxed	WORLD\RU\A2_SEWER_2.TXT	SOUND\A2S3_RAYNE_40.WAV
WORLD\A2_SEWER_2.SCB	1315	a2s3_Rayne_42	added	WORLD\RU\A2_SEWER_2.TXT	SOUND\A2S3_RAYNE_42.WAV
WORLD\A2_SEWER_2.SCB	1319	a2s3_Severin_41	already_boxed	WORLD\RU\A2_SEWER_2.TXT	SOUND\A2S3_SEVERIN_41.WAV
WORLD\A2_SEWER_2.SCB	1321	a2s3_Severin_42	already_boxed	WORLD\RU\A2_SEWER_2.TXT	SOUND\A2S3_SEVERIN_42.WAV
WORLD\A2_SEWER_2.SCB	1326	a2s3_Severin_43	already_boxed	WORLD\RU\A2_SEWER_2.TXT	SOUND\A2S3_SEVERIN_43.WAV
WORLD\A2_SEWER_2.SCB	1328	a2s3_Severin_44	already_boxed	WORLD\RU\A2_SEWER_2.TXT	SOUND\A2S3_SEVERIN_44.WAV
WORLD\A2_SEWER_2.SCB	1331	a2s3_Slezz12	no_chinese_caption	WORLD\RU\A2_SEWER_2.TXT	SOUND\A2S3_SLEZZ12.WAV
WORLD\A2_SEWER_2.SCB	1335	a2s3_Rayne_48	already_boxed	WORLD\RU\A2_SEWER_2.TXT	SOUND\A2S3_RAYNE_48.WAV
WORLD\A2_SEWER_2.SCB	1338	a2s3_Severin_45	added	WORLD\RU\A2_SEWER_2.TXT	SOUND\A2S3_SEVERIN_45.WAV
WORLD\A2_SEWER_2.SCB	1339	a2s3_Rayne_43	added	WORLD\RU\A2_SEWER_2.TXT	SOUND\A2S3_RAYNE_43.WAV
WORLD\A2_SEWER_2.SCB	1340	a2s3_Severin_46	added	WORLD\RU\A2_SEWER_2.TXT	SOUND\A2S3_SEVERIN_46.WAV
WORLD\A2_SEWER_2.SCB	1341	a2s3_Rayne_44	added	WORLD\RU\A2_SEWER_2.TXT	SOUND\A2S3_RAYNE_44.WAV
WORLD\A2_SEWER_2.SCB	1342	a2s3_Rayne_45	added	WORLD\RU\A2_SEWER_2.TXT	SOUND\A2S3_RAYNE_45.WAV
WORLD\A2_SEWER_2.SCB	1343	a2s3_Severin_47	added	WORLD\RU\A2_SEWER_2.TXT	SOUND\A2S3_SEVERIN_47.WAV
WORLD\A2_SEWER_2.SCB	1346	a2s3_Severin_48	added	WORLD\RU\A2_SEWER_2.TXT	SOUND\A2S3_SEVERIN_48.WAV
WORLD\A2_SEWER_2.SCB	1347	a2s3_Severin_49	added	WORLD\RU\A2_SEWER_2.TXT	SOUND\A2S3_SEVERIN_49.WAV
WORLD\A2_SEWER_2.SCB	1350	a2s3_Rayne_46	added	WORLD\RU\A2_SEWER_2.TXT	SOUND\A2S3_RAYNE_46.WAV
WORLD\A2_SEWER_2.SCB	1351	a2s3_Severin_51	added	WORLD\RU\A2_SEWER_2.TXT	SOUND\A2S3_SEVERIN_51.WAV
WORLD\A2_SEWER_2.SCB	1355	a2s3_Severin_52	already_boxed	WORLD\RU\A2_SEWER_2.TXT	SOUND\A2S3_SEVERIN_52.WAV
WORLD\A2_SEWER_2.SCB	1357	a2s3_Severin_53	already_boxed	WORLD\RU\A2_SEWER_2.TXT	SOUND\A2S3_SEVERIN_53.WAV
WORLD\A2_SEWER_2.SCB	1359	a2s3_Rayne_47	already_boxed	WORLD\RU\A2_SEWER_2.TXT	SOUND\A2S3_RAYNE_47.WAV
WORLD\A2_SEWER_SLEZZARENA.SCB	83	a2s4_Rayne_1	added	WORLD\RU\A2_SEWER_SLEZZARENA.TXT	SOUND\A2S4_RAYNE_1.WAV
WORLD\A2_SEWER_SLEZZARENA.SCB	142	a2s4_Rayne_2	added	WORLD\RU\A2_SEWER_SLEZZARENA.TXT	SOUND\A2S4_RAYNE_2.WAV
WORLD\A2_SEWER_SLEZZARENA.SCB	149	a2s4_Rayne_3	added	WORLD\RU\A2_SEWER_SLEZZARENA.TXT	SOUND\A2S4_RAYNE_3.WAV
WORLD\A2_SEWER_SLEZZARENA.SCB	154	a2s4_Rayne_4	added	WORLD\RU\A2_SEWER_SLEZZARENA.TXT	SOUND\A2S4_RAYNE_4.WAV
WORLD\A2_SEWER_SLEZZARENA.SCB	156	a2s4_Rayne_5	added	WORLD\RU\A2_SEWER_SLEZZARENA.TXT	SOUND\A2S4_RAYNE_5.WAV
WORLD\A2_SEWER_SLEZZARENA.SCB	161	a2s4_Severin_1	added	WORLD\RU\A2_SEWER_SLEZZARENA.TXT	SOUND\A2S4_SEVERIN_1.WAV
WORLD\A2_SEWER_SLEZZARENA.SCB	163	a2s4_Rayne_6	added	WORLD\RU\A2_SEWER_SLEZZARENA.TXT	SOUND\A2S4_RAYNE_6.WAV
WORLD\A2_SEWER_SLEZZARENA.SCB	164	a2s4_Severin_2	added	WORLD\RU\A2_SEWER_SLEZZARENA.TXT	SOUND\A2S4_SEVERIN_2.WAV
WORLD\A2_SEWER_SLEZZARENA.SCB	166	a2s4_Severin_3	added	WORLD\RU\A2_SEWER_SLEZZARENA.TXT	SOUND\A2S4_SEVERIN_3.WAV
WORLD\A2_SEWER_SLEZZARENA.SCB	169	a2s4_Rayne_7	added	WORLD\RU\A2_SEWER_SLEZZARENA.TXT	SOUND\A2S4_RAYNE_7.WAV
WORLD\A2_SEWER_SLEZZARENA.SCB	171	a2s4_Severin_4	added	WORLD\RU\A2_SEWER_SLEZZARENA.TXT	SOUND\A2S4_SEVERIN_4.WAV
WORLD\A2_SEWER_SLEZZARENA.SCB	174	a2s4_Rayne_8	added	WORLD\RU\A2_SEWER_SLEZZARENA.TXT	SOUND\A2S4_RAYNE_8.WAV
WORLD\A2_SEWER_SLEZZARENA.SCB	175	a2s4_Severin_5	added	WORLD\RU\A2_SEWER_SLEZZARENA.TXT	SOUND\A2S4_SEVERIN_5.WAV
WORLD\A2_SEWER_SLEZZARENA.SCB	376	a2s4_Severin_11	added	WORLD\RU\A2_SEWER_SLEZZARENA.TXT	SOUND\A2S4_SEVERIN_11.WAV
WORLD\A2_SEWER_SLEZZARENA.SCB	378	a2s4_Rayne_21	added	WORLD\RU\A2_SEWER_SLEZZARENA.TXT	SOUND\A2S4_RAYNE_21.WAV
WORLD\A2_SEWER_SLEZZARENA.SCB	389	a2s4_Severin_13	added	WORLD\RU\A2_SEWER_SLEZZARENA.TXT	SOUND\A2S4_SEVERIN_13.WAV
WORLD\A2_SEWER_SLEZZARENA.SCB	395	a2s4_Rayne_23	added	WORLD\RU\A2_SEWER_SLEZZARENA.TXT	SOUND\A2S4_RAYNE_23.WAV
WORLD\A2_SEWER_SLEZZARENA.SCB	408	a2s3_slezz30	added	WORLD\RU\A2_SEWER_SLEZZARENA.TXT	SOUND\A2S3_SLEZZ30.WAV
WORLD\A2_SUBWAY1.SCB	2070	a2s5_Rayne_1.wav	added	WORLD\RU\A2_SUBWAY1.TXT	SOUND\A2S5_RAYNE_1.WAV
WORLD\A2_SUBWAY1.SCB	2075	a2s5_Severin_1.wav	added	WORLD\RU\A2_SUBWAY1.TXT	SOUND\A2S5_SEVERIN_1.WAV
WORLD\A2_SUBWAY1.SCB	2080	a2s5_Rayne_2.wav	added	WORLD\RU\A2_SUBWAY1.TXT	SOUND\A2S5_RAYNE_2.WAV
WORLD\A2_SUBWAY1.SCB	2085	a2s5_Rayne_3.wav	added	WORLD\RU\A2_SUBWAY1.TXT	SOUND\A2S5_RAYNE_3.WAV
WORLD\A2_SUBWAY1.SCB	2105	a2s5_Rayne_4.wav	added	WORLD\RU\A2_SUBWAY1.TXT	SOUND\A2S5_RAYNE_4.WAV
WORLD\A2_SUBWAY1.SCB	2110	a2s5_Rayne_5.wav	added	WORLD\RU\A2_SUBWAY1.TXT	SOUND\A2S5_RAYNE_5.WAV
WORLD\A2_SUBWAY1.SCB	2115	a2s5_Severin_2.wav	added	WORLD\RU\A2_SUBWAY1.TXT	SOUND\A2S5_SEVERIN_2.WAV
WORLD\A2_SUBWAY1.SCB	2120	a2s5_Rayne_3.wav	added	WORLD\RU\A2_SUBWAY1.TXT	SOUND\A2S5_RAYNE_3.WAV
WORLD\A2_UNIONSTATION_PART1.SCB	473	a2s2_Rayne_10	added	WORLD\RU\A2_UNIONSTATION_PART1.TXT	SOUND\A2S2_RAYNE_10.WAV
WORLD\A2_UNIONSTATION_PART1.SCB	633	a2s2_Kestrel1_20.wav	added	WORLD\RU\A2_UNIONSTATION_PART1.TXT	SOUND\A2S2_KESTREL1_20.WAV
WORLD\A2_UNIONSTATION_PART1.SCB	653	a2s2_Kestrel2_5.wav	added	WORLD\RU\A2_UNIONSTATION_PART1.TXT	SOUND\A2S2_KESTREL2_5.WAV
WORLD\A2_UNIONSTATION_PART1.SCB	849	a2s2_Rayne_13.wav	added	WORLD\RU\A2_UNIONSTATION_PART1.TXT	SOUND\A2S2_RAYNE_13.WAV
WORLD\A2_UNIONSTATION_PART1.SCB	852	a2s2_Rayne_16.wav	added	WORLD\RU\A2_UNIONSTATION_PART1.TXT	SOUND\A2S2_RAYNE_16.WAV
WORLD\A2_UNIONSTATION_PART1.SCB	854	a2s2_Rayne_17.wav	added	WORLD\RU\A2_UNIONSTATION_PART1.TXT	SOUND\A2S2_RAYNE_17.WAV
WORLD\A2_UNIONSTATION_PART2.SCB	534	a2s2_FMinion3_8.wav	added	WORLD\RU\A2_UNIONSTATION_PART2.TXT	SOUND\A2S2_FMINION3_8.WAV
WORLD\A2_UNIONSTATION_PART3.SCB	567	a2s2_Rayne_48.wav	added	WORLD\RU\A2_UNIONSTATION_PART3.TXT	SOUND\A2S2_RAYNE_48.WAV
WORLD\A2_UNIONSTATION_PART3.SCB	568	a2s2_Severin_17.wav	added	WORLD\RU\A2_UNIONSTATION_PART3.TXT	SOUND\A2S2_SEVERIN_17.WAV
WORLD\A2_UNIONSTATION_PART3.SCB	569	a2s2_Rayne_49.wav	added	WORLD\RU\A2_UNIONSTATION_PART3.TXT	SOUND\A2S2_RAYNE_49.WAV
WORLD\A2_UNIONSTATION_PART3.SCB	570	a2s2_Severin_18.wav	added	WORLD\RU\A2_UNIONSTATION_PART3.TXT	SOUND\A2S2_SEVERIN_18.WAV
WORLD\A2_UNIONSTATION_PART3.SCB	572	a2s2_Rayne_42.wav	added	WORLD\RU\A2_UNIONSTATION_PART3.TXT	SOUND\A2S2_RAYNE_42.WAV
WORLD\A2_UNIONSTATION_PART3.SCB	663	a2s2_Rayne_46.wav	added	WORLD\RU\A2_UNIONSTATION_PART3.TXT	SOUND\A2S2_RAYNE_46.WAV
WORLD\A2_UNIONSTATION_PART3.SCB	1019	a2s2_Ephemera_12.wav	added	WORLD\RU\A2_UNIONSTATION_PART3.TXT	SOUND\A2S2_EPHEMERA_12.WAV
WORLD\A2_UNIONSTATION_PART3.SCB	1086	a2s2_Rayne_27.wav	added	WORLD\RU\A2_UNIONSTATION_PART3.TXT	SOUND\A2S2_RAYNE_27.WAV
WORLD\A2_UNIONSTATION_PART3.SCB	1090	a2s2_FMinion1_23.wav	added	WORLD\RU\A2_UNIONSTATION_PART3.TXT	SOUND\A2S2_FMINION1_23.WAV
WORLD\A2_UNIONSTATION_PART3.SCB	1111	a2s2_Rayne_28.wav	added	WORLD\RU\A2_UNIONSTATION_PART3.TXT	SOUND\A2S2_RAYNE_28.WAV
WORLD\A2_UNIONSTATION_PART3.SCB	1429	a2s2_Rayne_39.wav	added	WORLD\RU\A2_UNIONSTATION_PART3.TXT	SOUND\A2S2_RAYNE_39.WAV
WORLD\A2_UNIONSTATION_PART3.SCB	1446	a2s2_Rayne_40.wav	added	WORLD\RU\A2_UNIONSTATION_PART3.TXT	SOUND\A2S2_RAYNE_40.WAV
WORLD\A2_UNIONSTATION_PART3.SCB	1534	a2s2_Severin_9.wav	already_boxed	WORLD\RU\A2_UNIONSTATION_PART3.TXT	SOUND\A2S2_SEVERIN_9.WAV
WORLD\A2_UNIONSTATION_PART3.SCB	1536	a2s2_Rayne_26.wav	already_boxed	WORLD\RU\A2_UNIONSTATION_PART3.TXT	SOUND\A2S2_RAYNE_26.WAV
WORLD\A2_UNIONSTATION_PART3.SCB	1538	a2s2_Severin_10.wav	already_boxed	WORLD\RU\A2_UNIONSTATION_PART3.TXT	SOUND\A2S2_SEVERIN_10.WAV
WORLD\A2_UNIONSTATION_PART3.SCB	1544	a2s2_Rayne_32.wav	already_boxed	WORLD\RU\A2_UNIONSTATION_PART3.TXT	SOUND\A2S2_RAYNE_32.WAV
WORLD\A2_UNIONSTATION_PART3.SCB	1546	a2s2_Rayne_33.wav	already_boxed	WORLD\RU\A2_UNIONSTATION_PART3.TXT	SOUND\A2S2_RAYNE_33.WAV
WORLD\A2_UNIONSTATION_PART3.SCB	1548	a2s2_Severin_11.wav	already_boxed	WORLD\RU\A2_UNIONSTATION_PART3.TXT	SOUND\A2S2_SEVERIN_11.WAV
WORLD\A2_UNIONSTATION_PART3.SCB	1550	a2s2_Rayne_34.wav	already_boxed	WORLD\RU\A2_UNIONSTATION_PART3.TXT	SOUND\A2S2_RAYNE_34.WAV
WORLD\A2_UNIONSTATION_PART3.SCB	1552	a2s2_Severin_12.wav	already_boxed	WORLD\RU\A2_UNIONSTATION_PART3.TXT	SOUND\A2S2_SEVERIN_12.WAV
WORLD\A3_SHROUDTOWER_ASCENT.SCB	509	a3s4_LMinion1_2	added	WORLD\RU\A3_SHROUDTOWER_ASCENT.TXT	SOUND\A3S4_LMINION1_2.WAV
WORLD\A3_SHROUDTOWER_ASCENT.SCB	510	a3s4_LMinion2_2	added	WORLD\RU\A3_SHROUDTOWER_ASCENT.TXT	SOUND\A3S4_LMINION2_2.WAV
WORLD\A3_SHROUDTOWER_ASCENT.SCB	511	a3s4_Lminion1_3	added	WORLD\RU\A3_SHROUDTOWER_ASCENT.TXT	SOUND\A3S4_LMINION1_3.WAV
WORLD\A3_SHROUDTOWER_ASCENT.SCB	512	a3s4_Rayne_3	added	WORLD\RU\A3_SHROUDTOWER_ASCENT.TXT	SOUND\A3S4_RAYNE_3.WAV
WORLD\A3_SHROUDTOWER_ASCENT.SCB	513	a3s4_Severin_2	added	WORLD\RU\A3_SHROUDTOWER_ASCENT.TXT	SOUND\A3S4_SEVERIN_2.WAV
WORLD\A3_SHROUDTOWER_ASCENT.SCB	515	a3s4_Severin_3	added	WORLD\RU\A3_SHROUDTOWER_ASCENT.TXT	SOUND\A3S4_SEVERIN_3.WAV
WORLD\A3_SHROUDTOWER_ASCENT.SCB	516	a3s4_Severin_5	added	WORLD\RU\A3_SHROUDTOWER_ASCENT.TXT	SOUND\A3S4_SEVERIN_5.WAV
WORLD\A3_SHROUDTOWER_ASCENT.SCB	517	a3s4_Severin_6	added	WORLD\RU\A3_SHROUDTOWER_ASCENT.TXT	SOUND\A3S4_SEVERIN_6.WAV
WORLD\A3_SHROUDTOWER_ASCENT.SCB	519	a3s4_Rayne_4	added	WORLD\RU\A3_SHROUDTOWER_ASCENT.TXT	SOUND\A3S4_RAYNE_4.WAV
WORLD\A3_SHROUDTOWER_ASCENT.SCB	557	a2s4_Severin_10	added	WORLD\RU\A3_SHROUDTOWER_ASCENT.TXT	SOUND\A2S4_SEVERIN_10.WAV
WORLD\A3_SHROUDTOWER_ASCENT.SCB	755	a3s4_Rayne_5	added	WORLD\RU\A3_SHROUDTOWER_ASCENT.TXT	SOUND\A3S4_RAYNE_5.WAV
WORLD\A3_SHROUDTOWER_ASCENT.SCB	757	a3s4_Severin_7	added	WORLD\RU\A3_SHROUDTOWER_ASCENT.TXT	SOUND\A3S4_SEVERIN_7.WAV
WORLD\A3_SHROUDTOWER_ASCENT.SCB	907	a3s4_Rayne_7	added	WORLD\RU\A3_SHROUDTOWER_ASCENT.TXT	SOUND\A3S4_RAYNE_7.WAV
WORLD\A3_SHROUDTOWER_ASCENT.SCB	908	a3s4_Severin_8	added	WORLD\RU\A3_SHROUDTOWER_ASCENT.TXT	SOUND\A3S4_SEVERIN_8.WAV
WORLD\A3_SHROUDTOWER_ASCENT.SCB	909	a3s4_severin_9	added	WORLD\RU\A3_SHROUDTOWER_ASCENT.TXT	SOUND\A3S4_SEVERIN_9.WAV
WORLD\A3_SHROUDTOWER_ASCENT.SCB	910	a3s4_Rayne_8	added	WORLD\RU\A3_SHROUDTOWER_ASCENT.TXT	SOUND\A3S4_RAYNE_8.WAV
WORLD\A3_SHROUDTOWER_ASCENT.SCB	911	a3s4_Severin_10	added	WORLD\RU\A3_SHROUDTOWER_ASCENT.TXT	SOUND\A3S4_SEVERIN_10.WAV
WORLD\A3_WETWORKS_E_1.SCB	430	a3s2_Foreman_1	no_audio	WORLD\RU\A3_WETWORKS_E_1.TXT	SOUND\A3S2_FOREMAN_1.WAV
WORLD\A3_WETWORKS_E_1.SCB	431	a3s2_Rayne_1	added	WORLD\RU\A3_WETWORKS_E_1.TXT	SOUND\A3S2_RAYNE_1.WAV
WORLD\A3_WETWORKS_E_1.SCB	433	a3s2_Rayne_2	added	WORLD\RU\A3_WETWORKS_E_1.TXT	SOUND\A3S2_RAYNE_2.WAV
WORLD\A3_WETWORKS_N_1.SCB	103	a3s1_Severin_1	added	WORLD\RU\A3_WETWORKS_N_1.TXT	SOUND\A3S1_SEVERIN_1.WAV
WORLD\A3_WETWORKS_N_1.SCB	501	a3s1_LMinion12_13	added	WORLD\RU\A3_WETWORKS_N_1.TXT	SOUND\A3S1_LMINION12_13.WAV
WORLD\A3_WETWORKS_N_1.SCB	510	a3s1_LMinion11_15	added	WORLD\RU\A3_WETWORKS_N_1.TXT	SOUND\A3S1_LMINION11_15.WAV
WORLD\A3_WETWORKS_N_1.SCB	1101	a3s1_LMinion11_11	added	WORLD\RU\A3_WETWORKS_N_1.TXT	SOUND\A3S1_LMINION11_11.WAV
WORLD\A3_WETWORKS_N_1.SCB	1102	a3s1_LMinion12_9	added	WORLD\RU\A3_WETWORKS_N_1.TXT	SOUND\A3S1_LMINION12_9.WAV
WORLD\A3_WETWORKS_N_1.SCB	1103	a3s1_LMinion11_12	added	WORLD\RU\A3_WETWORKS_N_1.TXT	SOUND\A3S1_LMINION11_12.WAV
WORLD\A3_WETWORKS_N_1.SCB	1104	a3s1_LMinion12_10	added	WORLD\RU\A3_WETWORKS_N_1.TXT	SOUND\A3S1_LMINION12_10.WAV
WORLD\A3_WETWORKS_N_1.SCB	1112	a3s1_LMinion12_11	added	WORLD\RU\A3_WETWORKS_N_1.TXT	SOUND\A3S1_LMINION12_11.WAV
WORLD\A3_WETWORKS_N_1.SCB	1124	a3s1_LMinion11_14	added	WORLD\RU\A3_WETWORKS_N_1.TXT	SOUND\A3S1_LMINION11_14.WAV
WORLD\A3_WETWORKS_N_2.SCB	88	a3s1_FMinion1_16	added	WORLD\RU\A3_WETWORKS_N_2.TXT	SOUND\A3S1_FMINION1_16.WAV
WORLD\A3_WETWORKS_N_2.SCB	89	a3s1_FMinion2_14	added	WORLD\RU\A3_WETWORKS_N_2.TXT	SOUND\A3S1_FMINION2_14.WAV
WORLD\A3_WETWORKS_N_2.SCB	90	a3s1_FMinion1_17	added	WORLD\RU\A3_WETWORKS_N_2.TXT	SOUND\A3S1_FMINION1_17.WAV
WORLD\A3_WETWORKS_N_2.SCB	91	a3s1_FMinion2_15	added	WORLD\RU\A3_WETWORKS_N_2.TXT	SOUND\A3S1_FMINION2_15.WAV
WORLD\A3_WETWORKS_N_2.SCB	92	a3s1_FMinion1_18	added	WORLD\RU\A3_WETWORKS_N_2.TXT	SOUND\A3S1_FMINION1_18.WAV
WORLD\A3_WETWORKS_N_2.SCB	195	a3s1_FMinion1_19	added	WORLD\RU\A3_WETWORKS_N_2.TXT	SOUND\A3S1_FMINION1_19.WAV
WORLD\A3_WETWORKS_N_2.SCB	196	a3s1_FMinion2_16	added	WORLD\RU\A3_WETWORKS_N_2.TXT	SOUND\A3S1_FMINION2_16.WAV
WORLD\A3_WETWORKS_N_2.SCB	197	a3s1_FMinion1_20	added	WORLD\RU\A3_WETWORKS_N_2.TXT	SOUND\A3S1_FMINION1_20.WAV
WORLD\A3_WETWORKS_N_2.SCB	198	a3s1_FMinion3_1	added	WORLD\RU\A3_WETWORKS_N_2.TXT	SOUND\A3S1_FMINION3_1.WAV
WORLD\A3_WETWORKS_N_2.SCB	199	a3s1_FMinion2_17	added	WORLD\RU\A3_WETWORKS_N_2.TXT	SOUND\A3S1_FMINION2_17.WAV
WORLD\A3_WETWORKS_N_2.SCB	200	a3s1_FMinion3_2	added	WORLD\RU\A3_WETWORKS_N_2.TXT	SOUND\A3S1_FMINION3_2.WAV
WORLD\A3_WETWORKS_N_2.SCB	201	a3s1_FMinion1_21	added	WORLD\RU\A3_WETWORKS_N_2.TXT	SOUND\A3S1_FMINION1_21.WAV
WORLD\A3_WETWORKS_N_2.SCB	461	a3s1_Rayne_1	added	WORLD\RU\A3_WETWORKS_N_2.TXT	SOUND\A3S1_RAYNE_1.WAV
WORLD\A3_WETWORKS_N_2.SCB	462	a3s1_Severin_2	added	WORLD\RU\A3_WETWORKS_N_2.TXT	SOUND\A3S1_SEVERIN_2.WAV
WORLD\A3_WETWORKS_N_3.SCB	41	a3s1_Severin_3	added	WORLD\RU\A3_WETWORKS_N_3.TXT	SOUND\A3S1_SEVERIN_3.WAV
WORLD\A3_WETWORKS_N_3.SCB	42	a3s1_Severin_4	added	WORLD\RU\A3_WETWORKS_N_3.TXT	SOUND\A3S1_SEVERIN_4.WAV
WORLD\A3_WETWORKS_N_3.SCB	43	a3s1_Rayne_2	added	WORLD\RU\A3_WETWORKS_N_3.TXT	SOUND\A3S1_RAYNE_2.WAV
WORLD\A3_WETWORKS_N_3.SCB	46	a3s1_Severin_5	added	WORLD\RU\A3_WETWORKS_N_3.TXT	SOUND\A3S1_SEVERIN_5.WAV
WORLD\A3_WETWORKS_N_3.SCB	47	a3s1_Severin_6	added	WORLD\RU\A3_WETWORKS_N_3.TXT	SOUND\A3S1_SEVERIN_6.WAV
WORLD\A3_WETWORKS_N_3.SCB	48	a3s1_Severin_7	added	WORLD\RU\A3_WETWORKS_N_3.TXT	SOUND\A3S1_SEVERIN_7.WAV
WORLD\A3_WETWORKS_N_3.SCB	51	a3s1_Rayne_3	added	WORLD\RU\A3_WETWORKS_N_3.TXT	SOUND\A3S1_RAYNE_3.WAV
WORLD\A3_WETWORKS_N_3.SCB	52	a3s1_Severin_8	added	WORLD\RU\A3_WETWORKS_N_3.TXT	SOUND\A3S1_SEVERIN_8.WAV
WORLD\A3_WETWORKS_N_3.SCB	53	a3s1_Rayne_4	added	WORLD\RU\A3_WETWORKS_N_3.TXT	SOUND\A3S1_RAYNE_4.WAV
WORLD\A3_WETWORKS_N_3.SCB	54	a3s1_Severin_9	added	WORLD\RU\A3_WETWORKS_N_3.TXT	SOUND\A3S1_SEVERIN_9.WAV
WORLD\A3_WETWORKS_N_3.SCB	58	a3s1_Rayne_5	added	WORLD\RU\A3_WETWORKS_N_3.TXT	SOUND\A3S1_RAYNE_5.WAV
WORLD\A3_WETWORKS_N_3.SCB	59	a3s1_Severin_10	added	WORLD\RU\A3_WETWORKS_N_3.TXT	SOUND\A3S1_SEVERIN_10.WAV
WORLD\A3_WETWORKS_N_3.SCB	61	a3s1_Severin_11	added	WORLD\RU\A3_WETWORKS_N_3.TXT	SOUND\A3S1_SEVERIN_11.WAV
WORLD\A3_WETWORKS_N_3.SCB	62	a3s1_Rayne_6	added	WORLD\RU\A3_WETWORKS_N_3.TXT	SOUND\A3S1_RAYNE_6.WAV
WORLD\A3_WETWORKS_N_3.SCB	377	a3s1_Rayne_7	added	WORLD\RU\A3_WETWORKS_N_3.TXT	SOUND\A3S1_RAYNE_7.WAV
WORLD\A3_WETWORKS_N_3.SCB	378	a3s1_Rayne_8	added	WORLD\RU\A3_WETWORKS_N_3.TXT	SOUND\A3S1_RAYNE_8.WAV
WORLD\A3_WETWORKS_S_1.SCB	129	a3s3_LMinion1_5	added	WORLD\RU\A3_WETWORKS_S_1.TXT	SOUND\A3S3_LMINION1_5.WAV
WORLD\A3_WETWORKS_S_1.SCB	131	a3s3_LMinion1_6	added	WORLD\RU\A3_WETWORKS_S_1.TXT	SOUND\A3S3_LMINION1_6.WAV
WORLD\A3_WETWORKS_S_1.SCB	135	a3s3_Ferril_1	added	WORLD\RU\A3_WETWORKS_S_1.TXT	SOUND\A3S3_FERRIL_1.WAV
WORLD\A3_WETWORKS_S_1.SCB	137	a3s3_Ferril_2	added	WORLD\RU\A3_WETWORKS_S_1.TXT	SOUND\A3S3_FERRIL_2.WAV
WORLD\A3_WETWORKS_S_1.SCB	143	a3s3_Ferril_3	added	WORLD\RU\A3_WETWORKS_S_1.TXT	SOUND\A3S3_FERRIL_3.WAV
WORLD\A3_WETWORKS_S_1.SCB	145	a3s3_LMinion1_7	added	WORLD\RU\A3_WETWORKS_S_1.TXT	SOUND\A3S3_LMINION1_7.WAV
WORLD\A3_WETWORKS_S_1.SCB	397	a3s3_Rayne_1	added	WORLD\RU\A3_WETWORKS_S_1.TXT	SOUND\A3S3_RAYNE_1.WAV
WORLD\A3_WETWORKS_S_1.SCB	398	a3s3_Rayne_2	added	WORLD\RU\A3_WETWORKS_S_1.TXT	SOUND\A3S3_RAYNE_2.WAV
WORLD\A3_WETWORKS_S_1.SCB	399	a3s3_Severin_1	added	WORLD\RU\A3_WETWORKS_S_1.TXT	SOUND\A3S3_SEVERIN_1.WAV
WORLD\A3_WETWORKS_S_1.SCB	400	a3s3_Severin_2	added	WORLD\RU\A3_WETWORKS_S_1.TXT	SOUND\A3S3_SEVERIN_2.WAV
WORLD\A3_WETWORKS_S_1.SCB	401	a3s3_Severin_3	added	WORLD\RU\A3_WETWORKS_S_1.TXT	SOUND\A3S3_SEVERIN_3.WAV
WORLD\A3_WETWORKS_S_1.SCB	550	a3s3_Ferril_8	added	WORLD\RU\A3_WETWORKS_S_1.TXT	SOUND\A3S3_FERRIL_8.WAV
WORLD\A3_WETWORKS_S_1.SCB	552	a3s3_Ferril_9	added	WORLD\RU\A3_WETWORKS_S_1.TXT	SOUND\A3S3_FERRIL_9.WAV
WORLD\A3_WETWORKS_S_1.SCB	558	a3s3_Ferril_10	added	WORLD\RU\A3_WETWORKS_S_1.TXT	SOUND\A3S3_FERRIL_10.WAV
WORLD\A3_WETWORKS_S_1.SCB	564	a3s3_Ferril_6	added	WORLD\RU\A3_WETWORKS_S_1.TXT	SOUND\A3S3_FERRIL_6.WAV
WORLD\A3_WETWORKS_S_1.SCB	566	a3s3_Rayne_5	added	WORLD\RU\A3_WETWORKS_S_1.TXT	SOUND\A3S3_RAYNE_5.WAV
WORLD\A3_WETWORKS_S_1.SCB	599	a3s3_Ferril_4	added	WORLD\RU\A3_WETWORKS_S_1.TXT	SOUND\A3S3_FERRIL_4.WAV
WORLD\A3_WETWORKS_S_1.SCB	606	a3s3_Ferril_11	added	WORLD\RU\A3_WETWORKS_S_1.TXT	SOUND\A3S3_FERRIL_11.WAV
WORLD\A3_WETWORKS_S_1.SCB	607	a3s3_Rayne_4	added	WORLD\RU\A3_WETWORKS_S_1.TXT	SOUND\A3S3_RAYNE_4.WAV
WORLD\A3_WETWORKS_S_1.SCB	608	a3s3_Ferril_12	added	WORLD\RU\A3_WETWORKS_S_1.TXT	SOUND\A3S3_FERRIL_12.WAV
WORLD\A3_WETWORKS_S_1.SCB	613	a3s3_Rayne_3	added	WORLD\RU\A3_WETWORKS_S_1.TXT	SOUND\A3S3_RAYNE_3.WAV
WORLD\A3_WETWORKS_S_1.SCB	614	a3s3_Ferril_5	added	WORLD\RU\A3_WETWORKS_S_1.TXT	SOUND\A3S3_FERRIL_5.WAV
WORLD\A4_KAGANSTOWER_1.SCB	338	a4s2_Rayne_10	added	WORLD\RU\A4_KAGANSTOWER_1.TXT	SOUND\A4S2_RAYNE_10.WAV
WORLD\A4_KAGANSTOWER_1.SCB	339	a4s2_Xerx_10	added	WORLD\RU\A4_KAGANSTOWER_1.TXT	SOUND\A4S2_XERX_10.WAV
WORLD\A4_KAGANSTOWER_1.SCB	347	a4s2_Rayne_11	added	WORLD\RU\A4_KAGANSTOWER_1.TXT	SOUND\A4S2_RAYNE_11.WAV
WORLD\A4_KAGANSTOWER_1.SCB	350	a4s2_Rayne_12	added	WORLD\RU\A4_KAGANSTOWER_1.TXT	SOUND\A4S2_RAYNE_12.WAV
WORLD\A4_KAGANSTOWER_1.SCB	390	a4s2_Rayne_8	already_boxed	WORLD\RU\A4_KAGANSTOWER_1.TXT	SOUND\A4S2_RAYNE_8.WAV
WORLD\A4_KAGANSTOWER_1.SCB	392	a4s2_Xerx_9	already_boxed	WORLD\RU\A4_KAGANSTOWER_1.TXT	SOUND\A4S2_XERX_9.WAV
WORLD\A4_KAGANSTOWER_1.SCB	678	a4s2_Rayne_16	added	WORLD\RU\A4_KAGANSTOWER_1.TXT	SOUND\A4S2_RAYNE_16.WAV
WORLD\A4_KAGANSTOWER_2.SCB	200	a4s2_Rayne_17	added	WORLD\RU\A4_KAGANSTOWER_2.TXT	SOUND\A4S2_RAYNE_17.WAV
WORLD\A4_KAGANSTOWER_2.SCB	201	a4s2_Severin_3	added	WORLD\RU\A4_KAGANSTOWER_2.TXT	SOUND\A4S2_SEVERIN_3.WAV
WORLD\A4_KAGANSTOWER_2.SCB	202	a4s2_Rayne_18	added	WORLD\RU\A4_KAGANSTOWER_2.TXT	SOUND\A4S2_RAYNE_18.WAV
WORLD\A4_KAGANSTOWER_2.SCB	203	a4s2_Severin_4	added	WORLD\RU\A4_KAGANSTOWER_2.TXT	SOUND\A4S2_SEVERIN_4.WAV
WORLD\A4_KAGANSTOWER_BIOARMOR.SCB	24	a4s3_Rayne_1	added	WORLD\RU\A4_KAGANSTOWER_BIOARMOR.TXT	SOUND\A4S3_RAYNE_1.WAV
WORLD\A4_KAGANSTOWER_BIOARMOR.SCB	26	a4s3_Ferril_1	added	WORLD\RU\A4_KAGANSTOWER_BIOARMOR.TXT	SOUND\A4S3_FERRIL_1.WAV
WORLD\A4_KAGANSTOWER_BIOARMOR.SCB	28	a4s3_Rayne_2	added	WORLD\RU\A4_KAGANSTOWER_BIOARMOR.TXT	SOUND\A4S3_RAYNE_2.WAV
WORLD\A4_KAGANSTOWER_BIOARMOR.SCB	30	a4s3_Ferril_2	added	WORLD\RU\A4_KAGANSTOWER_BIOARMOR.TXT	SOUND\A4S3_FERRIL_2.WAV
WORLD\A4_KAGANSTOWER_BIOARMOR.SCB	31	a4s3_Rayne_3	added	WORLD\RU\A4_KAGANSTOWER_BIOARMOR.TXT	SOUND\A4S3_RAYNE_3.WAV
WORLD\A4_KAGANSTOWER_BIOARMOR.SCB	64	a4s3_Xerx_1	added	WORLD\RU\A4_KAGANSTOWER_BIOARMOR.TXT	SOUND\A4S3_XERX_1.WAV
WORLD\A4_KAGANSTOWER_BIOARMOR.SCB	65	a4s3_Rayne_4	added	WORLD\RU\A4_KAGANSTOWER_BIOARMOR.TXT	SOUND\A4S3_RAYNE_4.WAV
WORLD\A4_KAGANSTOWER_BIOARMOR.SCB	66	a4s3_Xerx_2	added	WORLD\RU\A4_KAGANSTOWER_BIOARMOR.TXT	SOUND\A4S3_XERX_2.WAV
WORLD\A4_KAGANSTOWER_BIOARMOR.SCB	67	a4s3_Rayne_5	added	WORLD\RU\A4_KAGANSTOWER_BIOARMOR.TXT	SOUND\A4S3_RAYNE_5.WAV
WORLD\A4_KAGANSTOWER_BIOARMOR.SCB	68	a4s3_Xerx_3	added	WORLD\RU\A4_KAGANSTOWER_BIOARMOR.TXT	SOUND\A4S3_XERX_3.WAV
WORLD\A4_KAGANSTOWER_BIOARMOR.SCB	69	a4s3_Xerx_4	added	WORLD\RU\A4_KAGANSTOWER_BIOARMOR.TXT	SOUND\A4S3_XERX_4.WAV
WORLD\A4_KAGANSTOWER_BIOARMOR.SCB	70	a4s3_Rayne_6	added	WORLD\RU\A4_KAGANSTOWER_BIOARMOR.TXT	SOUND\A4S3_RAYNE_6.WAV
WORLD\A4_KAGANSTOWER_BIOARMOR.SCB	71	a4s3_Xerx_5	added	WORLD\RU\A4_KAGANSTOWER_BIOARMOR.TXT	SOUND\A4S3_XERX_5.WAV
WORLD\A4_KAGANSTOWER_BIOARMOR.SCB	72	a4s3_Rayne_7	added	WORLD\RU\A4_KAGANSTOWER_BIOARMOR.TXT	SOUND\A4S3_RAYNE_7.WAV
WORLD\A4_KAGANSTOWER_BIOARMOR.SCB	73	a4s3_Rayne_8	added	WORLD\RU\A4_KAGANSTOWER_BIOARMOR.TXT	SOUND\A4S3_RAYNE_8.WAV
WORLD\A4_KAGANSTOWER_BIOARMOR.SCB	74	a4s3_Xerx_6	added	WORLD\RU\A4_KAGANSTOWER_BIOARMOR.TXT	SOUND\A4S3_XERX_6.WAV
WORLD\A4_KAGANSTOWER_BIOARMOR.SCB	75	a4s3_Xerx_7	added	WORLD\RU\A4_KAGANSTOWER_BIOARMOR.TXT	SOUND\A4S3_XERX_7.WAV
WORLD\A4_KAGANSTOWER_BIOARMOR.SCB	76	a4s3_Xerx_8	added	WORLD\RU\A4_KAGANSTOWER_BIOARMOR.TXT	SOUND\A4S3_XERX_8.WAV
WORLD\A4_KAGANSTOWER_BIOARMOR.SCB	107	a4s3_Rayne_9	added	WORLD\RU\A4_KAGANSTOWER_BIOARMOR.TXT	SOUND\A4S3_RAYNE_9.WAV
WORLD\A4_KAGANSTOWER_BIOARMOR.SCB	108	a4s3_Xerx_10	added	WORLD\RU\A4_KAGANSTOWER_BIOARMOR.TXT	SOUND\A4S3_XERX_10.WAV
WORLD\A4_KAGANSTOWER_BIOARMOR.SCB	116	a4s3_Rayne_10	added	WORLD\RU\A4_KAGANSTOWER_BIOARMOR.TXT	SOUND\A4S3_RAYNE_10.WAV
WORLD\A4_KAGANSTOWER_BIOARMOR.SCB	117	a4s3_Xerx_11	added	WORLD\RU\A4_KAGANSTOWER_BIOARMOR.TXT	SOUND\A4S3_XERX_11.WAV
WORLD\A4_KAGANSTOWER_BIOARMOR.SCB	120	a4s3_Severin_1	added	WORLD\RU\A4_KAGANSTOWER_BIOARMOR.TXT	SOUND\A4S3_SEVERIN_1.WAV
WORLD\A4_KAGANSTOWER_BIOARMOR.SCB	121	a4s3_Rayne_11	added	WORLD\RU\A4_KAGANSTOWER_BIOARMOR.TXT	SOUND\A4S3_RAYNE_11.WAV
WORLD\A4_KAGANSTOWER_BIOARMOR.SCB	122	a4s3_Rayne_12	added	WORLD\RU\A4_KAGANSTOWER_BIOARMOR.TXT	SOUND\A4S3_RAYNE_12.WAV
WORLD\A4_KAGANSTOWER_BIOARMOR.SCB	123	a4s3_Rayne_13	added	WORLD\RU\A4_KAGANSTOWER_BIOARMOR.TXT	SOUND\A4S3_RAYNE_13.WAV
WORLD\A4_KAGANSTOWER_BIOARMOR.SCB	128	a4s3_Severin_2	added	WORLD\RU\A4_KAGANSTOWER_BIOARMOR.TXT	SOUND\A4S3_SEVERIN_2.WAV
WORLD\A4_KAGANSTOWER_BIOARMOR.SCB	129	a4s3_Rayne_14	added	WORLD\RU\A4_KAGANSTOWER_BIOARMOR.TXT	SOUND\A4S3_RAYNE_14.WAV
WORLD\A4_KAGANSTOWER_BIOARMOR.SCB	130	a4s3_Xerx_12	added	WORLD\RU\A4_KAGANSTOWER_BIOARMOR.TXT	SOUND\A4S3_XERX_12.WAV
WORLD\A4_KAGANSTOWER_BIOARMOR.SCB	131	a4s3_Rayne_15	added	WORLD\RU\A4_KAGANSTOWER_BIOARMOR.TXT	SOUND\A4S3_RAYNE_15.WAV
WORLD\A4_KAGANSTOWER_BIOARMOR.SCB	229	a4s3_Xerx_13	added	WORLD\RU\A4_KAGANSTOWER_BIOARMOR.TXT	SOUND\A4S3_XERX_13.WAV
WORLD\A4_KAGANSTOWER_BIOARMOR.SCB	230	a4s3_Xerx_14	added	WORLD\RU\A4_KAGANSTOWER_BIOARMOR.TXT	SOUND\A4S3_XERX_14.WAV
WORLD\A4_KAGANSTOWER_BIOARMOR.SCB	231	a4s3_Rayne_16	added	WORLD\RU\A4_KAGANSTOWER_BIOARMOR.TXT	SOUND\A4S3_RAYNE_16.WAV
WORLD\A4_KAGANSTOWER_BIOARMOR.SCB	232	a4s3_Rayne_17	added	WORLD\RU\A4_KAGANSTOWER_BIOARMOR.TXT	SOUND\A4S3_RAYNE_17.WAV
WORLD\A4_KAGANSTOWER_BIOARMOR.SCB	233	a4s3_Rayne_18	added	WORLD\RU\A4_KAGANSTOWER_BIOARMOR.TXT	SOUND\A4S3_RAYNE_18.WAV
WORLD\A4_KAGANSTOWER_PENTHOUSE.SCB	107	a4s3_Kagan_1	added	WORLD\RU\A4_KAGANSTOWER_PENTHOUSE.TXT	SOUND\A4S3_KAGAN_1.WAV
WORLD\A4_KAGANSTOWER_PENTHOUSE.SCB	109	a4s3_Kagan_2	added	WORLD\RU\A4_KAGANSTOWER_PENTHOUSE.TXT	SOUND\A4S3_KAGAN_2.WAV
WORLD\A4_KAGANSTOWER_PENTHOUSE.SCB	111	a4s3_Kagan_3	added	WORLD\RU\A4_KAGANSTOWER_PENTHOUSE.TXT	SOUND\A4S3_KAGAN_3.WAV
WORLD\A4_KAGANSTOWER_PENTHOUSE.SCB	115	a4s3_Rayne_19	added	WORLD\RU\A4_KAGANSTOWER_PENTHOUSE.TXT	SOUND\A4S3_RAYNE_19.WAV
WORLD\A4_KAGANSTOWER_PENTHOUSE.SCB	118	a4s3_Kagan_4	added	WORLD\RU\A4_KAGANSTOWER_PENTHOUSE.TXT	SOUND\A4S3_KAGAN_4.WAV
WORLD\A4_KAGANSTOWER_PENTHOUSE.SCB	126	a4s3_Kagan_6	added	WORLD\RU\A4_KAGANSTOWER_PENTHOUSE.TXT	SOUND\A4S3_KAGAN_6.WAV
WORLD\A4_KAGANSTOWER_PENTHOUSE.SCB	127	a4s3_Rayne_20	added	WORLD\RU\A4_KAGANSTOWER_PENTHOUSE.TXT	SOUND\A4S3_RAYNE_20.WAV
WORLD\A4_KAGANSTOWER_PENTHOUSE.SCB	129	a4s3_Kagan_7	added	WORLD\RU\A4_KAGANSTOWER_PENTHOUSE.TXT	SOUND\A4S3_KAGAN_7.WAV
WORLD\A4_KAGANSTOWER_PENTHOUSE.SCB	131	a4s3_Rayne_21	added	WORLD\RU\A4_KAGANSTOWER_PENTHOUSE.TXT	SOUND\A4S3_RAYNE_21.WAV
WORLD\A4_KAGANSTOWER_PENTHOUSE.SCB	132	a4s3_Kagan_8	added	WORLD\RU\A4_KAGANSTOWER_PENTHOUSE.TXT	SOUND\A4S3_KAGAN_8.WAV
WORLD\A4_KAGANSTOWER_PENTHOUSE.SCB	133	a4s3_Rayne_22	added	WORLD\RU\A4_KAGANSTOWER_PENTHOUSE.TXT	SOUND\A4S3_RAYNE_22.WAV
WORLD\A4_KAGANSTOWER_PENTHOUSE.SCB	135	a4s3_Kagan_9	added	WORLD\RU\A4_KAGANSTOWER_PENTHOUSE.TXT	SOUND\A4S3_KAGAN_9.WAV
WORLD\A4_KAGANSTOWER_PENTHOUSE.SCB	136	a4s3_Kagan_10	added	WORLD\RU\A4_KAGANSTOWER_PENTHOUSE.TXT	SOUND\A4S3_KAGAN_10.WAV
WORLD\A4_KAGANSTOWER_PENTHOUSE.SCB	137	a4s3_Kagan_11	added	WORLD\RU\A4_KAGANSTOWER_PENTHOUSE.TXT	SOUND\A4S3_KAGAN_11.WAV
WORLD\A4_KAGANSTOWER_PENTHOUSE.SCB	138	a4s3_Kagan_12	added	WORLD\RU\A4_KAGANSTOWER_PENTHOUSE.TXT	SOUND\A4S3_KAGAN_12.WAV
WORLD\A4_KAGANSTOWER_PENTHOUSE.SCB	139	a4s3_Kagan_13	added	WORLD\RU\A4_KAGANSTOWER_PENTHOUSE.TXT	SOUND\A4S3_KAGAN_13.WAV
WORLD\A4_KAGANSTOWER_PENTHOUSE.SCB	141	a4s3_Rayne_23	added	WORLD\RU\A4_KAGANSTOWER_PENTHOUSE.TXT	SOUND\A4S3_RAYNE_23.WAV
WORLD\A4_KAGANSTOWER_PENTHOUSE.SCB	157	a4s3_Kagan_7	added	WORLD\RU\A4_KAGANSTOWER_PENTHOUSE.TXT	SOUND\A4S3_KAGAN_7.WAV
WORLD\A4_KAGANSTOWER_PENTHOUSE.SCB	158	a4s3_Rayne_21	added	WORLD\RU\A4_KAGANSTOWER_PENTHOUSE.TXT	SOUND\A4S3_RAYNE_21.WAV
WORLD\A4_KAGANSTOWER_PENTHOUSE.SCB	160	a4s3_Kagan_8	added	WORLD\RU\A4_KAGANSTOWER_PENTHOUSE.TXT	SOUND\A4S3_KAGAN_8.WAV
WORLD\A4_KAGANSTOWER_PENTHOUSE.SCB	161	a4s3_Rayne_22	added	WORLD\RU\A4_KAGANSTOWER_PENTHOUSE.TXT	SOUND\A4S3_RAYNE_22.WAV
WORLD\A4_KAGANSTOWER_PENTHOUSE.SCB	162	a4s3_Kagan_9	added	WORLD\RU\A4_KAGANSTOWER_PENTHOUSE.TXT	SOUND\A4S3_KAGAN_9.WAV
WORLD\A4_KAGANSTOWER_PENTHOUSE.SCB	163	a4s3_Kagan_10	added	WORLD\RU\A4_KAGANSTOWER_PENTHOUSE.TXT	SOUND\A4S3_KAGAN_10.WAV
WORLD\A4_KAGANSTOWER_PENTHOUSE.SCB	164	a4s3_Kagan_11	added	WORLD\RU\A4_KAGANSTOWER_PENTHOUSE.TXT	SOUND\A4S3_KAGAN_11.WAV
WORLD\A4_KAGANSTOWER_PENTHOUSE.SCB	165	a4s3_Kagan_12	added	WORLD\RU\A4_KAGANSTOWER_PENTHOUSE.TXT	SOUND\A4S3_KAGAN_12.WAV
WORLD\A4_KAGANSTOWER_PENTHOUSE.SCB	166	a4s3_Kagan_13	added	WORLD\RU\A4_KAGANSTOWER_PENTHOUSE.TXT	SOUND\A4S3_KAGAN_13.WAV
WORLD\A4_KAGANSTOWER_PENTHOUSE.SCB	167	a4s3_Rayne_23	added	WORLD\RU\A4_KAGANSTOWER_PENTHOUSE.TXT	SOUND\A4S3_RAYNE_23.WAV
WORLD\A4_KAGANSTOWER_PENTHOUSE.SCB	207	a4s3_Rayne_27	added	WORLD\RU\A4_KAGANSTOWER_PENTHOUSE.TXT	SOUND\A4S3_RAYNE_27.WAV
WORLD\A4_KAGANSTOWER_PENTHOUSE.SCB	209	a4s3_Severin_3	added	WORLD\RU\A4_KAGANSTOWER_PENTHOUSE.TXT	SOUND\A4S3_SEVERIN_3.WAV
WORLD\A4_KAGANSTOWER_PENTHOUSE.SCB	211	a4s3_Rayne_28	added	WORLD\RU\A4_KAGANSTOWER_PENTHOUSE.TXT	SOUND\A4S3_RAYNE_28.WAV
WORLD\A4_KAGANSTOWER_PENTHOUSE.SCB	235	a4s3_Rayne_30	added	WORLD\RU\A4_KAGANSTOWER_PENTHOUSE.TXT	SOUND\A4S3_RAYNE_30.WAV
WORLD\A4_KAGANSTOWER_PENTHOUSE.SCB	237	a4s3_Severin_5	added	WORLD\RU\A4_KAGANSTOWER_PENTHOUSE.TXT	SOUND\A4S3_SEVERIN_5.WAV
WORLD\A4_KAGANSTOWER_PENTHOUSE.SCB	239	a4s3_Severin_6	added	WORLD\RU\A4_KAGANSTOWER_PENTHOUSE.TXT	SOUND\A4S3_SEVERIN_6.WAV
WORLD\A4_KAGANSTOWER_PENTHOUSE.SCB	240	a4s3_Rayne_31	added	WORLD\RU\A4_KAGANSTOWER_PENTHOUSE.TXT	SOUND\A4S3_RAYNE_31.WAV
WORLD\A4_KAGANSTOWER_PENTHOUSE.SCB	247	a4s3_Severin_7	added	WORLD\RU\A4_KAGANSTOWER_PENTHOUSE.TXT	SOUND\A4S3_SEVERIN_7.WAV
WORLD\A4_KAGANSTOWER_PENTHOUSE.SCB	248	a4s3_Severin_8	added	WORLD\RU\A4_KAGANSTOWER_PENTHOUSE.TXT	SOUND\A4S3_SEVERIN_8.WAV
WORLD\A4_KAGANSTOWER_PENTHOUSE.SCB	251	a4s3_Rayne_33	added	WORLD\RU\A4_KAGANSTOWER_PENTHOUSE.TXT	SOUND\A4S3_RAYNE_33.WAV
WORLD\A4_KAGANSTOWER_PENTHOUSE.SCB	259	a4s3_Severin_9	added	WORLD\RU\A4_KAGANSTOWER_PENTHOUSE.TXT	SOUND\A4S3_SEVERIN_9.WAV
WORLD\A4_KAGANSTOWER_PENTHOUSE.SCB	260	a4s3_Severin_10	added	WORLD\RU\A4_KAGANSTOWER_PENTHOUSE.TXT	SOUND\A4S3_SEVERIN_10.WAV
WORLD\A4_KAGANSTOWER_PENTHOUSE.SCB	261	a4s3_Rayne_34	added	WORLD\RU\A4_KAGANSTOWER_PENTHOUSE.TXT	SOUND\A4S3_RAYNE_34.WAV
WORLD\A4_KAGANSTOWER_PENTHOUSE.SCB	264	a4s3_Severin_11	added	WORLD\RU\A4_KAGANSTOWER_PENTHOUSE.TXT	SOUND\A4S3_SEVERIN_11.WAV
WORLD\A4_KAGANSTOWER_PENTHOUSE.SCB	266	a4s3_Severin_12	added	WORLD\RU\A4_KAGANSTOWER_PENTHOUSE.TXT	SOUND\A4S3_SEVERIN_12.WAV
WORLD\A4_KAGANSTOWER_PENTHOUSE.SCB	267	a4s3_Rayne_35	added	WORLD\RU\A4_KAGANSTOWER_PENTHOUSE.TXT	SOUND\A4S3_RAYNE_35.WAV
WORLD\A4_KAGANSTOWER_PENTHOUSE.SCB	268	a4s3_Rayne_36	added	WORLD\RU\A4_KAGANSTOWER_PENTHOUSE.TXT	SOUND\A4S3_RAYNE_36.WAV
WORLD\A4_KAGANSTOWER_UNRAVELLER.SCB	253	a4s2_Rayne_26	added	WORLD\RU\A4_KAGANSTOWER_UNRAVELLER.TXT	SOUND\A4S2_RAYNE_26.WAV
WORLD\A4_KAGANSTOWER_UNRAVELLER.SCB	254	a4s2_Severin_12	added	WORLD\RU\A4_KAGANSTOWER_UNRAVELLER.TXT	SOUND\A4S2_SEVERIN_12.WAV
WORLD\A4_KAGANSTOWER_UNRAVELLER.SCB	257	a4s2_Rayne_27	added	WORLD\RU\A4_KAGANSTOWER_UNRAVELLER.TXT	SOUND\A4S2_RAYNE_27.WAV
WORLD\A4_KAGANSTOWER_UNRAVELLER.SCB	260	a4s2_Rayne_28	added	WORLD\RU\A4_KAGANSTOWER_UNRAVELLER.TXT	SOUND\A4S2_RAYNE_28.WAV
WORLD\A4_KAGANSTOWER_UNRAVELLER.SCB	261	a4s2_Severin_13	added	WORLD\RU\A4_KAGANSTOWER_UNRAVELLER.TXT	SOUND\A4S2_SEVERIN_13.WAV
WORLD\A4_KAGANSTOWER_UNRAVELLER.SCB	262	a4s2_Rayne_30	added	WORLD\RU\A4_KAGANSTOWER_UNRAVELLER.TXT	SOUND\A4S2_RAYNE_30.WAV
WORLD\A4_PARK_1.SCB	1158	a4s1_Severin_11	already_boxed	WORLD\RU\A4_PARK_1.TXT	SOUND\A4S1_SEVERIN_11.WAV
WORLD\A4_PARK_1.SCB	1178	a4s1_Rayne_14	already_boxed	WORLD\RU\A4_PARK_1.TXT	SOUND\A4S1_RAYNE_14.WAV
WORLD\A4_PARK_1.SCB	1180	a4s1_Severin_14	already_boxed	WORLD\RU\A4_PARK_1.TXT	SOUND\A4S1_SEVERIN_14.WAV
WORLD\A4_PARK_1.SCB	1182	a4s1_Severin_15	already_boxed	WORLD\RU\A4_PARK_1.TXT	SOUND\A4S1_SEVERIN_15.WAV
WORLD\A4_PARK_1.SCB	1184	a4s1_Rayne_13	already_boxed	WORLD\RU\A4_PARK_1.TXT	SOUND\A4S1_RAYNE_13.WAV
WORLD\A4_PARK_1.SCB	1187	a4s1_Rayne_15	added	WORLD\RU\A4_PARK_1.TXT	SOUND\A4S1_RAYNE_15.WAV
WORLD\A4_PARK_1.SCB	1189	a4s1_Rayne_16	added	WORLD\RU\A4_PARK_1.TXT	SOUND\A4S1_RAYNE_16.WAV
WORLD\A4_PARK_1.SCB	1193	a4s1_Severin_16	already_boxed	WORLD\RU\A4_PARK_1.TXT	SOUND\A4S1_SEVERIN_16.WAV
WORLD\A4_PARK_1.SCB	1195	a4s1_Severin_17	already_boxed	WORLD\RU\A4_PARK_1.TXT	SOUND\A4S1_SEVERIN_17.WAV
WORLD\A4_PARK_1.SCB	1198	a4s1_Rayne_17	added	WORLD\RU\A4_PARK_1.TXT	SOUND\A4S1_RAYNE_17.WAV
WORLD\A4_PARK_1.SCB	1199	a4s1_Rayne_19	added	WORLD\RU\A4_PARK_1.TXT	SOUND\A4S1_RAYNE_19.WAV
WORLD\A4_PARK_1.SCB	1200	a4s1_SLegion_1	added	WORLD\RU\A4_PARK_1.TXT	SOUND\A4S1_SLEGION_1.WAV
WORLD\A4_PARK_1.SCB	1201	a4s1_Rayne_20	added	WORLD\RU\A4_PARK_1.TXT	SOUND\A4S1_RAYNE_20.WAV
WORLD\A4_PARK_1.SCB	1204	a4s1_Severin_18	added	WORLD\RU\A4_PARK_1.TXT	SOUND\A4S1_SEVERIN_18.WAV
WORLD\A4_PARK_1.SCB	1205	a4s1_Rayne_23	added	WORLD\RU\A4_PARK_1.TXT	SOUND\A4S1_RAYNE_23.WAV
WORLD\A4_PARK_1.SCB	1206	a4s1_Rayne_23a	no_chinese_caption	WORLD\RU\A4_PARK_1.TXT	SOUND\A4S1_RAYNE_23A.WAV
WORLD\A4_PARK_1.SCB	1210	a4s1_Rayne_24	already_boxed	WORLD\RU\A4_PARK_1.TXT	SOUND\A4S1_RAYNE_24.WAV
WORLD\A4_PARK_1.SCB	1212	a4s1_Severin_19	already_boxed	WORLD\RU\A4_PARK_1.TXT	SOUND\A4S1_SEVERIN_19.WAV
WORLD\A4_PARK_1.SCB	1214	a4s1_Rayne_25	already_boxed	WORLD\RU\A4_PARK_1.TXT	SOUND\A4S1_RAYNE_25.WAV
WORLD\A4_PARK_1.SCB	1218	a4s1_Rayne_30	already_boxed	WORLD\RU\A4_PARK_1.TXT	SOUND\A4S1_RAYNE_30.WAV
WORLD\A4_PARK_1.SCB	1220	a4s1_Severin_23	already_boxed	WORLD\RU\A4_PARK_1.TXT	SOUND\A4S1_SEVERIN_23.WAV
WORLD\A4_PARK_1.SCB	1222	a4s1_Rayne_31	already_boxed	WORLD\RU\A4_PARK_1.TXT	SOUND\A4S1_RAYNE_31.WAV
WORLD\A4_PARK_1.SCB	1224	a4s1_Severin_24	already_boxed	WORLD\RU\A4_PARK_1.TXT	SOUND\A4S1_SEVERIN_24.WAV
WORLD\A4_PARK_1.SCB	1241	a4s1_Rayne_41	added	WORLD\RU\A4_PARK_1.TXT	SOUND\A4S1_RAYNE_41.WAV
WORLD\A4_PARK_1.SCB	1244	a4s1_Severin_25	added	WORLD\RU\A4_PARK_1.TXT	SOUND\A4S1_SEVERIN_25.WAV
WORLD\A4_PARK_1.SCB	1245	a4s1_Rayne_34	added	WORLD\RU\A4_PARK_1.TXT	SOUND\A4S1_RAYNE_34.WAV
WORLD\A4_PARK_2.SCB	1570	Rayne_HintCombat_3	already_boxed	WORLD\RU\A4_PARK_2.TXT	SOUND\RAYNE_HINTCOMBAT_3.WAV
WORLD\A4_PARK_2.SCB	1573	a4s1_Severin_22	added	WORLD\RU\A4_PARK_2.TXT	SOUND\A4S1_SEVERIN_22.WAV
WORLD\A4_PARK_2.SCB	1574	a4s1_Rayne_28	added	WORLD\RU\A4_PARK_2.TXT	SOUND\A4S1_RAYNE_28.WAV
WORLD\A4_PARK_2.SCB	1578	a4s1_Rayne_39	already_boxed	WORLD\RU\A4_PARK_2.TXT	SOUND\A4S1_RAYNE_39.WAV
WORLD\A4_PARK_2.SCB	1581	a4s1_Rayne_43	added	WORLD\RU\A4_PARK_2.TXT	SOUND\A4S1_RAYNE_43.WAV
WORLD\A4_PARK_2.SCB	1582	a4s1_Severin_28	added	WORLD\RU\A4_PARK_2.TXT	SOUND\A4S1_SEVERIN_28.WAV
WORLD\A4_PARK_2.SCB	1583	a4s1_Rayne_44	added	WORLD\RU\A4_PARK_2.TXT	SOUND\A4S1_RAYNE_44.WAV
WORLD\A4_PARK_2.SCB	1584	a4s1_Severin_29	added	WORLD\RU\A4_PARK_2.TXT	SOUND\A4S1_SEVERIN_29.WAV
WORLD\A4_PARK_2.SCB	1589	a4s1_Rayne_45	already_boxed	WORLD\RU\A4_PARK_2.TXT	SOUND\A4S1_RAYNE_45.WAV
WORLD\A4_PARK_2.SCB	1594	a4s1_Rayne_46	already_boxed	WORLD\RU\A4_PARK_2.TXT	SOUND\A4S1_RAYNE_46.WAV
WORLD\A4_PARK_2.SCB	1599	a4s1_Rayne_47	already_boxed	WORLD\RU\A4_PARK_2.TXT	SOUND\A4S1_RAYNE_47.WAV
WORLD\A4_PARK_2.SCB	1602	a4s1_Severin_31	added	WORLD\RU\A4_PARK_2.TXT	SOUND\A4S1_SEVERIN_31.WAV
WORLD\A4_PARK_2.SCB	1603	a4s1_Rayne_48	added	WORLD\RU\A4_PARK_2.TXT	SOUND\A4S1_RAYNE_48.WAV
WORLD\A4_PARK_2.SCB	1604	a4s1_Severin_32	added	WORLD\RU\A4_PARK_2.TXT	SOUND\A4S1_SEVERIN_32.WAV
WORLD\A4_PARK_2.SCB	1605	a4s1_Rayne_49	added	WORLD\RU\A4_PARK_2.TXT	SOUND\A4S1_RAYNE_49.WAV
WORLD\A4_PARK_2.SCB	1606	a4s1_Severin_33	added	WORLD\RU\A4_PARK_2.TXT	SOUND\A4S1_SEVERIN_33.WAV
WORLD\A4_PARK_2.SCB	1608	a4s1_Rayne_50	added	WORLD\RU\A4_PARK_2.TXT	SOUND\A4S1_RAYNE_50.WAV
WORLD\A4_PARK_2.SCB	1612	a4s1_Severin_34	already_boxed	WORLD\RU\A4_PARK_2.TXT	SOUND\A4S1_SEVERIN_34.WAV
WORLD\A4_PARK_2.SCB	1614	a4s1_Rayne_51	already_boxed	WORLD\RU\A4_PARK_2.TXT	SOUND\A4S1_RAYNE_51.WAV
WORLD\A4_PARK_2.SCB	1617	a4s1_Rayne_52	added	WORLD\RU\A4_PARK_2.TXT	SOUND\A4S1_RAYNE_52.WAV
WORLD\A4_PARK_2.SCB	1618	a4s1_Severin_35	added	WORLD\RU\A4_PARK_2.TXT	SOUND\A4S1_SEVERIN_35.WAV
WORLD\A4_PARK_2.SCB	1620	a4s1_Rayne_53	added	WORLD\RU\A4_PARK_2.TXT	SOUND\A4S1_RAYNE_53.WAV
WORLD\A4_PARK_CINEMAT_1.SCB	71	a4s1_Rayne_1	added	WORLD\RU\A4_PARK_CINEMAT_1.TXT	SOUND\A4S1_RAYNE_1.WAV
WORLD\A4_PARK_CINEMAT_1.SCB	104	a4s1_Rayne_2	added	WORLD\RU\A4_PARK_CINEMAT_1.TXT	SOUND\A4S1_RAYNE_2.WAV
WORLD\A4_PARK_CINEMAT_1.SCB	131	a4s1_Rayne_3	added	WORLD\RU\A4_PARK_CINEMAT_1.TXT	SOUND\A4S1_RAYNE_3.WAV
WORLD\A4_PARK_CINEMAT_1.SCB	132	a4s1_Severin_4	added	WORLD\RU\A4_PARK_CINEMAT_1.TXT	SOUND\A4S1_SEVERIN_4.WAV
WORLD\A4_PARK_CINEMAT_1.SCB	135	a4s1_Rayne_4	added	WORLD\RU\A4_PARK_CINEMAT_1.TXT	SOUND\A4S1_RAYNE_4.WAV
WORLD\A4_PARK_CINEMAT_1.SCB	171	a4s1_Severin_7	added	WORLD\RU\A4_PARK_CINEMAT_1.TXT	SOUND\A4S1_SEVERIN_7.WAV
WORLD\A4_PARK_CINEMAT_1.SCB	181	a4s1_Rayne_5	added	WORLD\RU\A4_PARK_CINEMAT_1.TXT	SOUND\A4S1_RAYNE_5.WAV
WORLD\A4_PARK_CINEMAT_1.SCB	195	a4s1_Rayne_6	added	WORLD\RU\A4_PARK_CINEMAT_1.TXT	SOUND\A4S1_RAYNE_6.WAV
WORLD\A4_PARK_CINEMAT_2.SCB	108	a4s1_Rayne_63	added	WORLD\RU\A4_PARK_CINEMAT_2.TXT	SOUND\A4S1_RAYNE_63.WAV
WORLD\A4_PARK_CINEMAT_2.SCB	131	a4s1_Ferril_1	added	WORLD\RU\A4_PARK_CINEMAT_2.TXT	SOUND\A4S1_FERRIL_1.WAV
WORLD\A4_PARK_CINEMAT_2.SCB	136	a4s1_Ferril_2	added	WORLD\RU\A4_PARK_CINEMAT_2.TXT	SOUND\A4S1_FERRIL_2.WAV
WORLD\A4_PARK_CINEMAT_2.SCB	142	a4s1_Rayne_64	added	WORLD\RU\A4_PARK_CINEMAT_2.TXT	SOUND\A4S1_RAYNE_64.WAV
WORLD\A4_PARK_CINEMAT_2.SCB	145	a4s1_Severin_44	added	WORLD\RU\A4_PARK_CINEMAT_2.TXT	SOUND\A4S1_SEVERIN_44.WAV
WORLD\A4_PARK_CINEMAT_2.SCB	152	a4s1_Ferril_3	added	WORLD\RU\A4_PARK_CINEMAT_2.TXT	SOUND\A4S1_FERRIL_3.WAV
WORLD\A4_PARK_CINEMAT_2.SCB	158	a4s1_Ferril_4	added	WORLD\RU\A4_PARK_CINEMAT_2.TXT	SOUND\A4S1_FERRIL_4.WAV
WORLD\A4_PARK_CINEMAT_2.SCB	188	a4s1_Rayne_65	added	WORLD\RU\A4_PARK_CINEMAT_2.TXT	SOUND\A4S1_RAYNE_65.WAV
WORLD\A4_PARK_CINEMAT_2.SCB	190	a4s1_Severin_46	added	WORLD\RU\A4_PARK_CINEMAT_2.TXT	SOUND\A4S1_SEVERIN_46.WAV
WORLD\A4_PARK_CINEMAT_2.SCB	215	a4s1_Severin_47	added	WORLD\RU\A4_PARK_CINEMAT_2.TXT	SOUND\A4S1_SEVERIN_47.WAV
WORLD\A4_PARK_CINEMAT_2.SCB	219	a4s1_Rayne_66	added	WORLD\RU\A4_PARK_CINEMAT_2.TXT	SOUND\A4S1_RAYNE_66.WAV
WORLD\A4_PARK_CINEMAT_2.SCB	223	a4s1_Severin_48	added	WORLD\RU\A4_PARK_CINEMAT_2.TXT	SOUND\A4S1_SEVERIN_48.WAV
WORLD\A4_PARK_EPHEMERA.SCB	101	a4s1_Severin_37	added	WORLD\RU\A4_PARK_EPHEMERA.TXT	SOUND\A4S1_SEVERIN_37.WAV
WORLD\A4_PARK_EPHEMERA.SCB	103	a4s1_Rayne_59	added	WORLD\RU\A4_PARK_EPHEMERA.TXT	SOUND\A4S1_RAYNE_59.WAV
WORLD\A4_PARK_EPHEMERA.SCB	108	a4s1_Severin_38	added	WORLD\RU\A4_PARK_EPHEMERA.TXT	SOUND\A4S1_SEVERIN_38.WAV
WORLD\A4_PARK_EPHEMERA.SCB	110	a4s1_Rayne_60	added	WORLD\RU\A4_PARK_EPHEMERA.TXT	SOUND\A4S1_RAYNE_60.WAV
WORLD\A4_PARK_EPHEMERA.SCB	115	a4s1_Severin_39	added	WORLD\RU\A4_PARK_EPHEMERA.TXT	SOUND\A4S1_SEVERIN_39.WAV
WORLD\A4_PARK_EPHEMERA.SCB	117	a4s1_Severin_40	added	WORLD\RU\A4_PARK_EPHEMERA.TXT	SOUND\A4S1_SEVERIN_40.WAV
WORLD\A4_PARK_EPHEMERA.SCB	126	a4s1_Severin_41	already_boxed	WORLD\RU\A4_PARK_EPHEMERA.TXT	SOUND\A4S1_SEVERIN_41.WAV
WORLD\A4_PARK_EPHEMERA.SCB	128	a4s1_Ephemera_44	already_boxed	WORLD\RU\A4_PARK_EPHEMERA.TXT	SOUND\A4S1_EPHEMERA_44.WAV
WORLD\A4_PARK_EPHEMERA.SCB	130	a4s1_Rayne_61	already_boxed	WORLD\RU\A4_PARK_EPHEMERA.TXT	SOUND\A4S1_RAYNE_61.WAV
WORLD\A4_PARK_EPHEMERA.SCB	132	a4s1_Severin_42	already_boxed	WORLD\RU\A4_PARK_EPHEMERA.TXT	SOUND\A4S1_SEVERIN_42.WAV
WORLD\A4_PARK_EPHEMERA.SCB	344	a4s1_Ephemera_45	added	WORLD\RU\A4_PARK_EPHEMERA.TXT	SOUND\A4S1_EPHEMERA_45.WAV
WORLD\A4_PARK_EPHEMERA.SCB	346	a4s1_Rayne_62	added	WORLD\RU\A4_PARK_EPHEMERA.TXT	SOUND\A4S1_RAYNE_62.WAV
