movie	cue	old_start	old_end	new_start	new_end	start_shift	end_shift	text_bytes	text	evidence
A1S01P01	1	4.837	7.304	4.388	6.71	-0.449	-0.594	32	准备好了吗？你今晚怎么这么安静？	English audio word alignment + nearby speech-boundary refinement
A1S01P01	2	9.091	13.059	8.324	11.734	-0.767	-1.325	20	别担心，有我帮你呢。	English audio word alignment + nearby speech-boundary refinement
A1S01P01	3	13.835	19.467	12.932	18.262	-0.903	-1.205	50	我不担心，塞弗林。我不需要你帮忙，更不需要硫磺会。	English audio word alignment + nearby speech-boundary refinement
A1S01P01	4	18.992	21.859	18.724	20.662	-0.268	-1.197	24	好吧，至少有我陪着你嘛。	English audio word alignment + nearby speech-boundary refinement
A1S01P01	5	22.565	26.213	21.7	27.254	-0.865	1.041	34	是啊，今晚恐怕会有不少人死得很惨。	English audio word alignment + nearby speech-boundary refinement
A1S01P01	6	29.005	31.949	27.62	31.094	-1.385	-0.855	36	嗯……我看有几个会死在你这身裙子上。	English audio word alignment + nearby speech-boundary refinement
A1S01P02	1	1.967	5.103	0.804	3.81	-1.163	-1.293	34	老泽伦斯基今晚可真下了血本，是吧？	English audio word alignment + nearby speech-boundary refinement
A1S01P02	2	5.041	8.689	3.88	7.286	-1.161	-1.403	36	我的天，我真该多来泽伦斯基这儿坐坐！	English audio word alignment + nearby speech-boundary refinement
A1S01P02	3	8.198	11.91	7.46	10.07	-0.738	-1.84	38	我早就劝他卖了，可你也知道汤姆那脾气！	English audio word alignment + nearby speech-boundary refinement
A1S01P02	4	11.06	12.06	10.78	11.78	-0.28	-0.28	10	真不得了！	English audio word alignment + nearby speech-boundary refinement
A1S01P02	5	13.08	14.76	11.96	13.83	-1.12	-0.93	12	天哪，快看！	English audio word alignment + nearby speech-boundary refinement
A1S01P02	6	14.84	16.573	14.04	15.82	-0.8	-0.753	16	哟，真是个尤物！	English audio word alignment + nearby speech-boundary refinement
A1S01P02	7	17.134	20.034	15.86	18.35	-1.274	-1.684	28	哇，这可真能提振我的经济……	English audio word alignment + nearby speech-boundary refinement
A1S01P02	8	20.037	23.365	19.34	23.41	-0.697	0.045	42	老天，要是让比尔看见她，我这周末就泡汤了。	English audio word alignment + nearby speech-boundary refinement
A1S01P02	9	24.342	29.014	23.58	26.71	-0.762	-2.304	36	好了，窃听器运作正常，我去楼上查查。	English audio word alignment + nearby speech-boundary refinement
A1S01P02	10	29.142	34.902	28.164	32.19	-0.978	-2.712	42	失陪一下，市长先生、州长先生，我马上回来。	English audio word alignment + nearby speech-boundary refinement
A1S01P02	11	34.766	41.294	32.46	38.838	-2.306	-2.456	64	哈哈，真有意思。局长先生，您看起来渴了，顺便来杯苏格兰威士忌吧。	English audio word alignment + nearby speech-boundary refinement
A1S01P02	12	40.958	46.142	40.356	48.406	-0.602	2.264	46	您好，我是达里尔·泽伦斯基，衷心欢迎您的到来。	English audio word alignment + nearby speech-boundary refinement
A1S01P02	13	47.274	50.794	49.028	52.13	1.754	1.336	22	抱歉，我们以前见过吗？	English audio word alignment + nearby speech-boundary refinement
A1S01P02	14	53.184	56.832	52.32	54.94	-0.864	-1.892	30	亲爱的，我还以为你一定记得呢。	English audio word alignment + nearby speech-boundary refinement
A1S01P02	15	56.31	63.35	54.98	61.782	-1.33	-1.568	70	怎么，您手里连杯酒都没有？这下有人要掉脑袋了！来杯上好的梅洛红酒如何？	English audio word alignment + nearby speech-boundary refinement
A1S01P02	16	62.726	66.182	62.052	65.59	-0.674	-0.592	28	谢谢，不过我更喜欢烈一点的。	English audio word alignment + nearby speech-boundary refinement
A1S01P02	17	66.828	68.961	66.564	68.726	-0.264	-0.235	26	……我从来不喝……葡萄酒。	English audio word alignment + nearby speech-boundary refinement
A1S01P02	18	70.067	74.675	69.732	73.878	-0.335	-0.797	42	有空的话，到楼梯那儿来找我，好吗，亲爱的？	English audio word alignment + nearby speech-boundary refinement
A1S01P02	19	76.403	84.403	75.46	81.846	-0.943	-2.557	66	阵容真不小，市长、商界巨头、黑帮头目，除了英国女王，该来的都来了。	English audio word alignment + nearby speech-boundary refinement
A1S01P02	20	82.721	89.121	82.084	85.81	-0.637	-3.311	44	她正和几位苏丹在洗手间里聊天呢。有什么发现？	English audio word alignment + nearby speech-boundary refinement
A1S01P02	21	86.723	92.355	85.86	89.6	-0.863	-2.755	54	嗯，我在楼上转了转，看来咱们这位亲爱的东道主泽伦斯基，	English audio word alignment + nearby speech-boundary refinement
A1S01P02	22	90.046	93.31	89.64	92.38	-0.406	-0.93	28	也是你的家人，多半是个兄弟。	English audio word alignment + nearby speech-boundary refinement
A1S01P02	23	93.388	98.124	92.42	96.9	-0.968	-1.224	54	同父异母的兄弟，就像我只有一半吸血鬼血统一样，别忘了。	English audio word alignment + nearby speech-boundary refinement
A1S01P02	24	97.844	105.844	96.94	102.86	-0.904	-2.984	70	好吧，这对他来说还是个坏消息。楼上有间屋子值得看看，门锁着，戒备很严。	English audio word alignment + nearby speech-boundary refinement
A1S01P02	25	103.859	105.539	102.9	104.374	-0.959	-1.165	12	你没闯进去？	English audio word alignment + nearby speech-boundary refinement
A1S01P02	26	105.541	112.901	104.612	109.3	-0.929	-3.601	64	别打岔，莱恩。泽伦斯基不少手下都戴着那个徽记。吸血鬼领主卡根虽然	English audio word alignment + nearby speech-boundary refinement
A1S01P02	27	109.253	115.141	109.34	111.548	0.087	-3.593	36	死了很多年，崇拜他的教团却依旧兴盛。	English audio word alignment + nearby speech-boundary refinement
A1S01P02	28	112.324	118.148	111.588	117.53	-0.736	-0.618	62	果然和硫磺会怀疑的一样，泽伦斯基就是他们的大祭司。真是个变态。	English audio word alignment + nearby speech-boundary refinement
A1S01P02	29	118.404	123.844	117.6	121.27	-0.804	-2.574	48	不知道那扇门后面藏着什么，但肯定能让人大开眼界。	English audio word alignment + nearby speech-boundary refinement
A1S01P02	30	122.379	123.899	121.7	126.486	-0.679	2.587	48	看来今晚还是有乐子的。我去看看，有东西要给我吗？	English audio word alignment + nearby speech-boundary refinement
A1S01P02	31	130.364	132.831	129.54	131.926	-0.824	-0.905	22	嗨，宝贝们，想死我了。	English audio word alignment + nearby speech-boundary refinement
A1S01P02	32	139.961	145.209	139.396	142.56	-0.565	-2.649	50	我知道这不合你的性子，莱恩，不过还是小心点，好吗？	English audio word alignment + nearby speech-boundary refinement
A1S01P06	1	1.518	4.59	1.518	4.0	0.0	-0.59	24	硫磺会总部，法国，1939年	onscreen_title
A1S01P06	2	5.065	10.761	4.484	10.556	-0.581	-0.205	42	我们以为能对付他，可、可连拖住他都做不到。	English audio word alignment + nearby speech-boundary refinement
A1S01P06	3	11.685	13.752	10.596	12.598	-1.089	-1.154	22	卡根……他现在在哪儿？	English audio word alignment + nearby speech-boundary refinement
A1S01P06	4	14.027	15.227	13.36	14.87	-0.667	-0.357	12	图、图书馆。	English audio word alignment + nearby speech-boundary refinement
A1S01P06	5	23.057	24.657	22.5	24.534	-0.557	-0.123	12	我要宰了你。	English audio word alignment + nearby speech-boundary refinement
A1S01P06	6	28.653	36.653	26.1	40.374	-2.553	3.721	82	哦，你也是我的孩子？可你闻起来血统不纯。你母亲是谁？算了，反正我也记不住那些名字。	English audio word alignment + nearby speech-boundary refinement
A1S01P06	7	37.406	42.974	40.772	45.814	3.366	2.84	50	不过她应该死了吧……死得很痛苦？跟她其他家人一样。	English audio word alignment + nearby speech-boundary refinement
A1S01P06	8	46.299	48.299	45.86	48.38	-0.439	0.081	22	你这纳粹杂种，我要……	English audio word alignment + nearby speech-boundary refinement
A1S01P06	9	48.936	56.936	48.42	57.83	-0.516	0.894	86	纳粹？不，我在建立自己的军队。希特勒那蠢货不过是在教我如何统领它，只是他自己还不知道。	English audio word alignment + nearby speech-boundary refinement
A1S01P06	10	58.366	66.366	58.42	77.078	0.054	10.712	64	啊，暮星碎片，正是我要找的。那么，你要宰了我？我给你找个观众来！	English audio word alignment + nearby speech-boundary refinement
A1S01P06	11	78.523	79.563	78.18	79.18	-0.343	-0.383	14	特雷梅恩爵士？	English audio word alignment + nearby speech-boundary refinement
A1S01P06	12	80.146	88.146	79.56	91.446	-0.586	3.3	86	哦，你们认识？明白了，又一个被你从我身边偷走的孩子，教授。你把她当亲生女儿养大，是吧？	English audio word alignment + nearby speech-boundary refinement
A1S01P06	13	92.049	99.345	91.748	102.29	-0.301	2.945	56	我费尽心思生下她和其他那些杂种，你却教她杀死自己的同类。	English audio word alignment + nearby speech-boundary refinement
A1S01P06	14	103.014	104.694	102.628	105.878	-0.386	1.184	18	莱恩，快走！快跑！	English audio word alignment + nearby speech-boundary refinement
A1S01P06	15	106.949	111.301	106.564	109.878	-0.385	-1.423	40	放开他，你这满嘴谎话、吸耗子血的王八蛋！	English audio word alignment + nearby speech-boundary refinement
A1S01P06	16	110.897	118.897	110.43	118.582	-0.467	-0.315	70	满嘴谎话？当然，不过他也一样。教授，你没告诉她，你打算拿这东西干什么？	English audio word alignment + nearby speech-boundary refinement
A1S01P06	17	119.244	120.244	120.12	131.766	0.876	11.522	52	杀光你那些该死的混血崽子？消灭所有吸血鬼？当然没有！	English audio word alignment + nearby speech-boundary refinement
A1S01P06	18	139.292	147.292	138.82	145.39	-0.472	-1.902	68	卡根建立吸血鬼大军的病态梦想，就在那天破灭了。他杀光了我母亲的家人，	English audio word alignment + nearby speech-boundary refinement
A1S01P06	19	146.175	153.279	145.636	150.87	-0.539	-2.409	66	而我花了整整六十年，逐一找出他的子嗣，再把他们干掉。礼尚往来而已。	English audio word alignment + nearby speech-boundary refinement
A1S02P04	1	6.504	8.184	5.764	8.342	-0.74	0.158	20	不会吧，真有这东西？	English audio word alignment + nearby speech-boundary refinement
A1S02P04	2	10.078	13.022	9.54	10.9	-0.538	-2.122	22	怎么了？有什么好东西？	English audio word alignment + nearby speech-boundary refinement
A1S02P04	3	11.569	18.481	10.94	16.16	-0.629	-2.321	60	我的天，塞弗林！泽伦斯基有喀尔巴阡龙枪！我还以为那只是传说！	English audio word alignment + nearby speech-boundary refinement
A1S02P04	4	16.74	19.64	16.2	18.198	-0.54	-1.442	22	哼，硫磺会也这么以为。	English audio word alignment + nearby speech-boundary refinement
A1S02P04	5	23.916	25.596	22.8	25.814	-1.116	0.218	36	莱恩？莱恩！你还在吗？出什么事了？！	English audio word alignment + nearby speech-boundary refinement
A1S02P04	6	28.64	33.056	28.932	32.758	0.292	-0.298	38	哦，我没事，只是它们实在……太美了……	English audio word alignment + nearby speech-boundary refinement
A1S02P04	7	35.07	40.19	34.468	37.8	-0.602	-2.39	48	……也极其危险。听着，如果它们真是喀尔巴阡龙枪，	English audio word alignment + nearby speech-boundary refinement
A1S02P04	8	39.468	43.372	37.84	41.942	-1.628	-1.43	40	就会吸食半吸血鬼宿主的血，也就是你的血。	English audio word alignment + nearby speech-boundary refinement
A1S02P04	9	42.902	48.022	42.276	46.038	-0.626	-1.984	48	它们能通过炼金术，把血液转化成杀死吸血鬼的弹药。	English audio word alignment + nearby speech-boundary refinement
A1S02P04	10	46.118	49.638	46.084	48.18	-0.034	-1.458	38	你得不断吸血，才能把它们的储血槽补满。	English audio word alignment + nearby speech-boundary refinement
A1S02P04	11	49.506	56.866	48.22	52.598	-1.286	-4.268	50	储血槽空了也能开枪，但那时消耗的就是你自己的血了。	English audio word alignment + nearby speech-boundary refinement
A1S02P11	1	7.245	8.925	7.524	8.892	0.279	-0.033	22	泽克斯，泽伦斯基死了。	English audio word alignment + nearby speech-boundary refinement
A1S02P11	2	9.815	14.679	8.932	13.238	-0.883	-1.441	60	他的派对很成功。城里那些头面人物都死了，整座城市已门户大开。	English audio word alignment + nearby speech-boundary refinement
A1S02P11	3	14.268	20.028	13.828	16.06	-0.44	-3.968	42	哈，那他也算完成使命了。反正按自然的秩序，	English audio word alignment + nearby speech-boundary refinement
A1S02P11	4	18.674	22.77	16.1	22.16	-2.574	-0.61	44	他也就这点用处。咱们那位已故兄弟是怎么死的？	English audio word alignment + nearby speech-boundary refinement
A1S02P11	5	22.655	27.967	22.2	26.614	-0.455	-1.353	38	还不清楚，可能有个搅局者，我正在调查。	English audio word alignment + nearby speech-boundary refinement
A1S02P11	6	28.1	31.62	27.492	31.606	-0.608	-0.014	38	嗯，我最近弄出了个东西，你一定感兴趣。	English audio word alignment + nearby speech-boundary refinement
A1S02P11	7	36.275	37.795	35.684	36.684	-0.591	-1.111	14	乖，安静点……	English audio word alignment + nearby speech-boundary refinement
A1S02P11	8	41.892	43.572	41.124	42.902	-0.768	-0.67	22	看着像斯莱兹的东西……	English audio word alignment + nearby speech-boundary refinement
A1S02P11	9	44.057	50.201	43.56	50.198	-0.497	-0.003	68	没错，简单来说，她就是它的母亲。咱们那位下水道贵妇，还是有点用的……	English audio word alignment + nearby speech-boundary refinement
A1S02P11	10	51.811	57.507	50.852	55.99	-0.959	-1.517	52	看看这家伙，满身都是浓稠鲜美的血！随时随地都能进食。	English audio word alignment + nearby speech-boundary refinement
A1S02P11	11	60.051	67.155	58.42	66.83	-1.631	-0.325	58	谁能想到呢？人工制造、任人摆布的食物，足够熬过漫长的冬夜。	English audio word alignment + nearby speech-boundary refinement
A1S02P11	12	68.774	72.934	68.036	71.638	-0.738	-1.296	30	父亲还说人类永远派不上用场呢。	English audio word alignment + nearby speech-boundary refinement
A1S02P11	13	75.163	77.963	74.596	76.662	-0.567	-1.301	32	死神在上，泽克斯，这也太难喝了！	English audio word alignment + nearby speech-boundary refinement
A1S02P11	14	78.763	81.899	77.508	82.326	-1.255	0.427	32	是啊，口味还在改进，总会调好的。	English audio word alignment + nearby speech-boundary refinement
A2S01P01	1	3.272	11.272	2.564	8.56	-0.708	-2.712	70	市长推行的“清扫行动”虽备受争议，却似乎在市中心赢得了越来越多的支持。	English audio word alignment + nearby speech-boundary refinement
A2S01P01	2	9.553	13.649	8.6	11.638	-0.953	-2.011	26	卖淫和毒品交易已明显减少，	English audio word alignment + nearby speech-boundary refinement
A2S01P01	3	13.001	18.121	11.94	14.99	-1.061	-3.131	44	收容所与救济机构也让街头的流浪者日渐减少……	English audio word alignment + nearby speech-boundary refinement
A2S01P01	4	23.199	30.047	22.404	27.382	-0.795	-2.665	54	然而，市内数名要人的失踪事件，仍在引发越来越多的不安。	English audio word alignment + nearby speech-boundary refinement
A2S01P01	5	28.62	35.276	27.716	32.054	-0.904	-3.222	56	调查仍在继续，但目前尚未能联系上市长或警察局长布鲁斯特。	English audio word alignment + nearby speech-boundary refinement
A2S01P01	6	33.064	40.744	32.42	37.03	-0.644	-3.714	64	这两件事肯定有关吧？泽伦斯基家的大屠杀，还有那些底层人口的消失。	English audio word alignment + nearby speech-boundary refinement
A2S01P01	7	37.802	45.802	37.2	43.64	-0.602	-2.162	66	硫磺会也这么想。失踪人数暴增，就像地上突然开了个洞，把他们全吞了。	English audio word alignment + nearby speech-boundary refinement
A2S01P01	8	44.956	50.14	43.68	47.478	-1.276	-2.662	36	要么就是有人在城里开了场吸血鬼大会。	English audio word alignment + nearby speech-boundary refinement
A2S01P01	9	48.352	52.32	47.62	50.454	-0.732	-1.866	32	也许吧，幸好这次有你帮忙，莱恩。	English audio word alignment + nearby speech-boundary refinement
A2S01P01	10	51.427	56.803	50.724	55.798	-0.703	-1.005	36	是啊，偶尔我的利益也会和硫磺会一致。	English audio word alignment + nearby speech-boundary refinement
A2S01P01	11	57.797	64.517	56.868	60.63	-0.929	-3.887	60	你在泽伦斯基家找到的名单，详细列出了卡根教团内部的等级关系。	English audio word alignment + nearby speech-boundary refinement
A2S01P01	12	61.809	65.009	60.804	64.246	-1.005	-0.763	36	你父亲可真是个……忙碌的吸血鬼领主。	English audio word alignment + nearby speech-boundary refinement
A2S01P01	13	65.943	70.103	64.964	68.406	-0.979	-1.697	40	不好，我得……走了。保持联络，别失联……	English audio word alignment + nearby speech-boundary refinement
A2S01P01	14	69.731	71.411	68.964	71.062	-0.767	-0.349	16	塞弗林？该死……	English audio word alignment + nearby speech-boundary refinement
A2S02P16	1	7.783	10.383	4.8	7.3	-2.983	-3.083	30	莱恩，刚才那是埃菲梅拉，对吧？	reference_text_no_full_audio_match
A2S02P16	2	9.392	11.925	7.38	9.18	-2.012	-2.745	26	你摔得可不轻，落在哪儿了？	word_boundary_inside_same_utterance
A2S02P16	3	11.142	13.475	9.892	11.91	-1.25	-1.565	24	钟楼下面……车站底下……	English audio word alignment + nearby speech-boundary refinement
A2S02P16	4	16.835	18.968	15.31	20.086	-1.525	1.118	44	能不能让那个在我脑袋里打电钻的小混蛋停一停？	English audio word alignment + nearby speech-boundary refinement
A2S02P16	5	22.445	24.578	21.444	23.094	-1.001	-1.484	20	你不是应该在这儿吗？	English audio word alignment + nearby speech-boundary refinement
A2S02P16	6	24.554	26.887	23.524	26.26	-1.03	-0.627	32	我本来在的，可我不得不……离开。	English audio word alignment + nearby speech-boundary refinement
A2S02P16	7	28.941	29.941	27.44	28.87	-1.501	-1.071	10	哦，不……	English audio word alignment + nearby speech-boundary refinement
A2S02P16	8	33.685	37.013	32.804	35.99	-0.881	-1.023	28	原来也没那么厉害嘛，小美人？	English audio word alignment + nearby speech-boundary refinement
A2S02P16	9	40.992	45.792	40.452	46.806	-0.54	1.014	36	吸血鬼从来不会公然袭击平民或警察……	English audio word alignment + nearby speech-boundary refinement
A2S02P16	10	47.654	53.414	46.884	51.798	-0.77	-1.616	50	可他们现在明目张胆地动手，好像根本不在乎暴露身份。	English audio word alignment + nearby speech-boundary refinement
A2S02P16	11	53.031	56.295	52.58	55.19	-0.451	-1.105	32	不管这意味着什么，都不是好兆头。	English audio word alignment + nearby speech-boundary refinement
A2S02P16	12	59.588	64.964	58.916	65.942	-0.672	0.978	48	我知道……卡根杀了你母亲，可你很久以前就杀了他。	English audio word alignment + nearby speech-boundary refinement
A2S02P16	13	68.608	74.176	66.564	73.782	-2.044	-0.394	52	塞弗林……卡根不只是杀了我母亲、强暴她、把她逼疯……	English audio word alignment + nearby speech-boundary refinement
A2S02P16	14	75.964	78.097	75.92	78.07	-0.044	-0.027	20	他还杀光了她的家人。	English audio word alignment + nearby speech-boundary refinement
A2S02P16	15	79.526	85.478	78.916	82.998	-0.61	-2.48	56	他灭了整个家族，就是为了让我除了他，再也没有人可以依靠。	English audio word alignment + nearby speech-boundary refinement
A2S02P16	16	83.432	89.768	83.332	88.47	-0.1	-1.298	72	那甚至算不上刻意残忍，只是他的惯例。他对自己所有的半吸血鬼孩子都这么做。	English audio word alignment + nearby speech-boundary refinement
A2S02P16	17	90.47	93.003	89.732	92.534	-0.738	-0.469	20	对不起，我不知道……	English audio word alignment + nearby speech-boundary refinement
A2S02P16	18	93.907	98.899	93.22	96.246	-0.687	-2.653	42	特雷梅恩教授和硫磺会赶在卡根之前找到了我。	English audio word alignment + nearby speech-boundary refinement
A2S02P16	19	97.734	103.494	97.124	100.758	-0.61	-2.736	38	否则，我很可能会变得和他其他孩子一样。	English audio word alignment + nearby speech-boundary refinement
A2S02P16	20	102.292	105.748	101.572	105.078	-0.72	-0.67	26	你是说，你会变成红隼那样？	English audio word alignment + nearby speech-boundary refinement
A2S02P16	21	106.251	108.184	105.188	107.286	-1.063	-0.898	18	天哪……但愿不会。	English audio word alignment + nearby speech-boundary refinement
A2S05P01	1	9.163	11.696	9.316	10.92	0.153	-0.776	22	呃！姐姐，等等！是我！	English audio word alignment + nearby speech-boundary refinement
A2S05P01	2	11.987	12.987	10.96	17.11	-1.027	4.123	72	我知道是你，埃菲梅拉，正等着你呢。隔着几公里，我就闻到你那影子的臭味了。	English audio word alignment + nearby speech-boundary refinement
A2S05P01	3	17.724	20.524	17.348	19.894	-0.376	-0.63	26	我是来告诉你，斯莱兹死了。	English audio word alignment + nearby speech-boundary refinement
A2S05P01	4	20.858	22.725	19.972	22.326	-0.886	-0.399	16	干得漂亮，妹妹！	English audio word alignment + nearby speech-boundary refinement
A2S05P01	5	23.268	26.788	22.596	26.56	-0.672	-0.228	34	不是我杀的，我想凶手是个半吸血鬼。	English audio word alignment + nearby speech-boundary refinement
A2S05P01	6	27.117	35.117	26.6	33.04	-0.517	-2.077	74	是吗？死了倒好，被半吸血鬼干掉的纯血种，没什么可惜的。想必你已经在处理了？	English audio word alignment + nearby speech-boundary refinement
A2S05P01	7	33.732	40.9	33.08	39.03	-0.652	-1.87	50	当然，这事我应付得来，所有发现也都已经如实上报了。	English audio word alignment + nearby speech-boundary refinement
A2S05P01	8	40.62	43.564	39.812	43.126	-0.808	-0.438	36	当然，这还真是……你的作风啊，妹妹。	English audio word alignment + nearby speech-boundary refinement
A2S05P01	9	44.01	50.73	43.396	49.83	-0.614	-0.9	62	明天的计划绝不能有任何差池。说到这个，你负责的事办得怎么样了？	English audio word alignment + nearby speech-boundary refinement
A2S05P01	10	50.348	57.196	49.98	55.99	-0.368	-1.206	70	一切顺利，比预定进度还快。泽克斯明天会给暗幕做最后一次测试，以防万一。	English audio word alignment + nearby speech-boundary refinement
A2S05P01	11	56.746	62.058	56.228	60.822	-0.518	-1.236	54	你干得很好，费里尔。你我联手，一定会成为出色的统治者。	English audio word alignment + nearby speech-boundary refinement
A2S05P01	12	62.103	66.711	61.284	65.95	-0.819	-0.761	54	明天的盛大演出结束后，我们还可以献上一场更精彩的返场。	English audio word alignment + nearby speech-boundary refinement
A2S05P01	13	66.401	71.969	66.12	72.726	-0.281	0.757	52	我怎么闻到了一丝背叛的味道，妹妹？你和我，接管教团？	English audio word alignment + nearby speech-boundary refinement
A2S05P01	14	76.651	79.251	75.908	80.23	-0.743	0.979	28	是啊，一定会是个绝妙的惊喜。	English audio word alignment + nearby speech-boundary refinement
A2S05P01	15	82.857	87.337	82.372	86.87	-0.485	-0.467	40	我得走了，还有那个叛逆的半吸血鬼要处理。	English audio word alignment + nearby speech-boundary refinement
A2S05P01	16	89.145	97.145	86.948	98.55	-2.197	1.405	92	对了，埃菲梅拉，记住，我比你更快、更强。下次再敢在我身边鬼鬼祟祟，我就活剥了你，听清楚了吗？	English audio word alignment + nearby speech-boundary refinement
A2S05P01	17	99.967	102.3	99.172	101.47	-0.795	-0.83	22	听得一清二楚，费里尔。	English audio word alignment + nearby speech-boundary refinement
A2S05P12	1	3.775	5.842	3.044	5.078	-0.731	-0.764	20	嘿，这一手可真漂亮。	English audio word alignment + nearby speech-boundary refinement
A2S05P12	2	6.599	8.866	6.084	8.374	-0.515	-0.492	18	是吧，还记得我吗？	English audio word alignment + nearby speech-boundary refinement
A2S05P12	3	9.341	16.893	8.836	14.742	-0.505	-2.151	58	当然，埃菲梅拉。你还记得我吗？八年前，我拿走了你一样东西。	English audio word alignment + nearby speech-boundary refinement
A2S05P12	4	16.745	20.905	16.132	20.63	-0.613	-0.275	48	嗯？有这回事？哦，是啊，我那个偷影子的小仆从……	English audio word alignment + nearby speech-boundary refinement
A2S05P12	5	21.735	29.735	21.156	27.67	-0.579	-2.065	64	你还记得！我赶在你转化他之前把人抢走了，而且就当着你的面，对吧？	English audio word alignment + nearby speech-boundary refinement
A2S05P12	6	28.537	36.345	27.876	37.29	-0.661	0.945	68	没错，咱们亲爱的塞弗林先生近来可好？他很幸运，我让他每晚都能梦见我。	English audio word alignment + nearby speech-boundary refinement
A2S05P12	7	38.009	39.009	37.508	40.566	-0.501	1.557	40	难怪他连觉都不睡了。那你呢，过得怎么样？	English audio word alignment + nearby speech-boundary refinement
A2S05P12	8	41.52	47.856	40.74	47.702	-0.78	-0.154	46	哦，好极了，我就要成为女神了，真是无上的荣耀。	English audio word alignment + nearby speech-boundary refinement
A2S05P12	9	50.779	52.459	49.96	52.37	-0.819	-0.089	16	是，父亲，马上。	English audio word alignment + nearby speech-boundary refinement
A2S05P12	10	53.727	61.727	53.156	60.8	-0.571	-0.927	64	抱歉，这么快就得告辞，不过……不如来我们这儿做客？还可以叙叙旧。	English audio word alignment + nearby speech-boundary refinement
A2S05P12	11	61.621	62.661	61.252	62.68	-0.369	0.019	8	等等我！	English audio word alignment + nearby speech-boundary refinement
A2S05P12	12	63.419	65.099	62.756	64.758	-0.663	-0.341	20	德赫斯托，我们走……	English audio word alignment + nearby speech-boundary refinement
A2S05P12	13	68.001	71.073	66.92	69.42	-1.081	-1.653	28	刚才那是……我想的那个人吗？	English audio word alignment + nearby speech-boundary refinement
A2S05P12	14	70.646	75.702	69.46	73.9	-1.186	-1.802	50	哦，你听见了？是你从前那位冤家，可惜我们还没来得及	English audio word alignment + nearby speech-boundary refinement
A2S05P12	15	74.101	79.157	73.94	77.206	-0.161	-1.951	46	叙完旧。你想跟她说话吗？我本来可以替你转达的。	English audio word alignment + nearby speech-boundary refinement
A2S05P12	16	79.059	82.387	78.116	81.334	-0.943	-1.053	32	谢谢，还是免了。她最后说了什么？	English audio word alignment + nearby speech-boundary refinement
A2S05P12	17	82.237	89.981	81.636	87.958	-0.601	-2.023	72	她邀请我去做客。对了，哪条线通往那座旧化工厂？被绑走的人都送到那儿去了。	English audio word alignment + nearby speech-boundary refinement
A2S05P12	18	88.607	94.175	88.036	93.43	-0.571	-0.745	50	嗯，我看看……蓝线。怎么，突然关心起那些受害者了？	English audio word alignment + nearby speech-boundary refinement
A2S05P12	19	94.832	100.208	94.66	98.198	-0.172	-2.01	46	那倒没有，不过我有个约会要赴，而且打算早点到。	English audio word alignment + nearby speech-boundary refinement
A3S01P01	1	1.175	8.023	0.516	9.398	-0.659	1.375	57	开始最后一次测试，已给实验体A注射镇静剂，让它更配合一点。	English audio word alignment + nearby speech-boundary refinement
A3S01P01	2	10.743	12.103	10.116	12.99	-0.627	0.887	13	放出实验体A。	English audio word alignment + nearby speech-boundary refinement
A3S01P01	3	20.892	22.959	19.972	21.846	-0.92	-1.113	20	哦，结果真让人意外！	English audio word alignment + nearby speech-boundary refinement
A3S01P01	4	23.17	24.61	22.86	24.79	-0.31	0.18	10	释放暗幕。	English audio word alignment + nearby speech-boundary refinement
A3S01P01	5	32.112	33.792	31.172	35.03	-0.94	1.238	19	现在，放出实验体B。	English audio word alignment + nearby speech-boundary refinement
A3S01P01	6	39.032	44.792	38.66	44.054	-0.372	-0.738	54	死神在上，终于等到了这一天，吸血鬼再也不用惧怕阳光了！	English audio word alignment + nearby speech-boundary refinement
A3S01P01	7	45.834	53.834	44.804	53.622	-1.03	-0.212	56	暗幕运作完美。最后一批货一到，我们就能开始……武力夺权。	English audio word alignment + nearby speech-boundary refinement
A3S01P01	8	55.395	63.395	54.692	62.012	-0.703	-1.383	54	主塔能向空中喷出足够的暗幕，笼罩整座城市，甚至还能……	English audio word alignment + nearby speech-boundary refinement
A3S01P01	9	62.889	64.956	62.052	64.726	-0.837	-0.23	16	……灭绝全人类。	English audio word alignment + nearby speech-boundary refinement
A3S04P02	1	15.875	21.315	14.98	21.38	-0.895	0.065	48	我的处理厂毁了！我宏伟的高塔也被毁了！是谁干的？	English audio word alignment + nearby speech-boundary refinement
A3S04P02	2	22.123	27.307	21.42	25.718	-0.703	-1.589	48	是那个半吸血鬼杀手！你为什么不派人来帮我拦住她？	English audio word alignment + nearby speech-boundary refinement
A3S04P02	3	26.809	31.353	26.084	30.9	-0.725	-0.453	40	半吸血鬼杀手？黑曜之心在上，你在说什么？	English audio word alignment + nearby speech-boundary refinement
A3S04P02	4	31.702	36.502	30.94	37.046	-0.762	0.544	38	不然你以为是谁干的？埃菲梅拉，告诉他！	English audio word alignment + nearby speech-boundary refinement
A3S04P02	5	39.424	47.424	39.396	47.574	-0.028	0.15	78	老天，埃菲梅拉，你没上报那个半吸血鬼的事……你瞒着不说，竟然让她逼到了这里……	English audio word alignment + nearby speech-boundary refinement
A3S04P02	6	48.48	53.152	47.716	54.69	-0.764	1.538	52	你这没爹没娘的贱人！看我这样，你很开心吧？你算计我！	English audio word alignment + nearby speech-boundary refinement
A3S04P02	7	55.522	58.658	54.916	58.614	-0.606	-0.044	26	费里尔，我们不再需要你了。	English audio word alignment + nearby speech-boundary refinement
A3S04P02	8	62.653	68.541	61.5	68.77	-1.153	0.229	46	嗯……比我记得的还快。真可惜，你本来大有前途。	English audio word alignment + nearby speech-boundary refinement
A3S04P02	9	70.141	72.341	69.2	72.09	-0.941	-0.251	24	把垃圾扔出去，埃菲梅拉。	English audio word alignment + nearby speech-boundary refinement
A3S04P02	10	72.848	78.544	72.132	78.422	-0.716	-0.122	60	背叛的滋味，真有诗意，不是吗？费里尔，你确实比我更强、更快，	English audio word alignment + nearby speech-boundary refinement
A3S04P02	11	77.102	80.366	78.788	80.694	1.686	0.328	28	我承认，只可惜我比你有脑子。	English audio word alignment + nearby speech-boundary refinement
A3S04P02	12	81.79	85.822	81.06	83.48	-0.73	-2.342	28	你最大的错误，就是相信了我。	English audio word alignment + nearby speech-boundary refinement
A3S04P02	13	84.883	86.563	83.52	85.76	-1.363	-0.803	22	那个叛逆的半吸血鬼……	English audio word alignment + nearby speech-boundary refinement
A3S04P02	14	87.635	90.369	85.8	88.81	-1.835	-1.559	30	嘘，我知道，多谢你替我应付她。	English audio word alignment + nearby speech-boundary refinement
A3S04P02	15	90.177	91.617	89.412	91.23	-0.765	-0.387	10	还没完呢。	English audio word alignment + nearby speech-boundary refinement
A3S04P02	16	92.28	95.48	91.28	95.51	-1.0	0.03	30	不，姐姐，已经完了，彻底完了。	English audio word alignment + nearby speech-boundary refinement
A3S04P02	17	100.125	106.205	99.12	103.09	-1.005	-3.115	52	能转化的仆从就转化，剩下的全杀了，拆解者需要进食……	English audio word alignment + nearby speech-boundary refinement
A3S04P02	18	106.961	112.337	103.428	107.83	-3.533	-4.507	26	时候到了，让暗幕遮蔽天空，	English audio word alignment + nearby speech-boundary refinement
A3S04P02	19	110.178	113.89	108.484	113.09	-1.694	-0.8	36	我要像真正的帝王一样，巡视我的国土。	English audio word alignment + nearby speech-boundary refinement
A3S04P02	20	114.432	115.792	113.316	114.454	-1.116	-1.338	18	您的统治即将开始。	English audio word alignment + nearby speech-boundary refinement
A3S04P02	21	116.186	117.92	114.74	116.39	-1.446	-1.53	14	而且就在眼前。	English audio word alignment + nearby speech-boundary refinement
A3S04P02	22	121.767	125.479	121.572	124.182	-0.195	-1.297	38	这血的力量很强，毫无疑问，是卡根的血。	English audio word alignment + nearby speech-boundary refinement
A3S04P02	23	125.5	128.4	124.452	126.54	-1.048	-1.86	22	我还以为你会更生气呢。	English audio word alignment + nearby speech-boundary refinement
A3S04P02	24	127.716	132.964	126.58	130.82	-1.136	-2.144	50	生气？我简直高兴坏了！既然卡根又活蹦乱跳地回来了，	English audio word alignment + nearby speech-boundary refinement
A3S04P02	25	132.886	136.086	130.86	135.606	-2.026	-0.48	30	那就意味着我能亲手再宰他一次。	English audio word alignment + nearby speech-boundary refinement
A3S04P02	26	136.868	139.668	136.228	139.162	-0.64	-0.506	22	嗯，你最好来看看这个。	English audio word alignment + nearby speech-boundary refinement
A4S01P01	1	67.469	75.469	66.98	79.73	-0.489	4.261	68	比我想象的还美。在地板下躲了这么多年，暗夜之子终于能在阳光下嬉戏了。	English audio word alignment + nearby speech-boundary refinement
A4S01P01	2	78.674	85.202	80.68	88.89	2.006	3.688	72	时候到了，我的女儿，把这片土地变成乐园，把我的王国献给我，建立我的王国。	English audio word alignment + nearby speech-boundary refinement
A4S01P01	3	91.78	98.18	90.78	97.06	-1.0	-1.12	80	引爆炸药，否则我就割断你的喉咙。他已经等不及了，要看一场盛大的演出。再告诉我那个	English audio word alignment + nearby speech-boundary refinement
A4S01P01	4	98.415	104.751	97.1	102.97	-1.315	-1.781	52	蠢货弟弟和他的手下，让他们躲好，因为天就要塌下来了。	English audio word alignment + nearby speech-boundary refinement
A4S01P01	5	120.909	125.901	120.64	128.79	-0.269	2.889	50	太美了，人类的时代结束了。见证吸血鬼时代的黎明吧！	English audio word alignment + nearby speech-boundary refinement
A4S02P01	1	0.678	4.518	0	4.566	-0.678	0.048	42	卡根大人，欢迎！您能亲临，真是莫大的荣幸！	English audio word alignment + nearby speech-boundary refinement
A4S02P01	2	5.309	11.773	4.644	9.35	-0.665	-2.423	46	泽克斯，你竟敢在我自己家里欢迎我？准备好了吗？	English audio word alignment + nearby speech-boundary refinement
A4S02P01	3	10.479	11.999	9.42	12.12	-1.059	0.121	20	当然，已经准备好了！	English audio word alignment + nearby speech-boundary refinement
A4S02P01	4	13.232	14.432	12.16	13.27	-1.072	-1.162	10	拿给我看！	English audio word alignment + nearby speech-boundary refinement
A4S02P01	5	14.649	21.817	13.604	21.238	-1.045	-0.579	70	当然，父亲，当然。就在这里，依照暮星碎片的原理重制而成，这就是太阳炮。	English audio word alignment + nearby speech-boundary refinement
A4S02P01	6	22.304	29.088	21.316	27.574	-0.988	-1.514	48	这些是屋顶大型装置的便携版本，由屋顶的装置供能。	English audio word alignment + nearby speech-boundary refinement
A4S02P01	7	28.638	35.614	27.68	31.702	-0.958	-3.912	48	卡根大人，南面有潜在威胁接近，是一支战斗机编队！	English audio word alignment + nearby speech-boundary refinement
A4S02P01	8	33.467	38.075	32.42	36.47	-1.047	-1.605	44	带上这些家伙，正好试试威力，一个活口都别留。	English audio word alignment + nearby speech-boundary refinement
A4S02P02	1	19.19	25.91	18.56	25.81	-0.63	-0.1	48	正在接近目标，各单位绕行包围目标，我们要……啊！	English audio word alignment + nearby speech-boundary refinement
A4S02P02	2	40.046	44.462	40.708	44.15	0.662	-0.312	46	呃，又是我最爱听的声音。塞弗林，到底怎么回事？	English audio word alignment + nearby speech-boundary refinement
A4S02P02	3	45.388	48.332	44.42	47.958	-0.968	-0.374	32	你遇到的麻烦，亲爱的……就是我。	English audio word alignment + nearby speech-boundary refinement
A4S02P02	4	49.982	55.102	48.804	53.878	-1.178	-1.224	46	你就是那个叛逆的杀手？看起来也没那么吓人嘛……	English audio word alignment + nearby speech-boundary refinement
A4S02P02	5	55.158	59.446	54.66	56.37	-0.498	-3.076	22	那我该怎么称呼你……？	English audio word alignment + nearby speech-boundary refinement
A4S02P02	6	58.124	62.604	56.41	61.942	-1.714	-0.662	48	你不认识我？我是泽克斯·梅戈斯托菲尔，大审判官！	English audio word alignment + nearby speech-boundary refinement
A4S02P02	7	62.826	63.826	61.988	62.652	-0.838	-1.174	8	塞弗林？	English audio word alignment + nearby speech-boundary refinement
A4S02P02	8	63.773	68.829	62.692	66.92	-1.081	-1.909	66	没错，他也在名单上，卡根的直系后裔，纯血种，也是你同父异母的兄弟。	English audio word alignment + nearby speech-boundary refinement
A4S02P02	9	67.764	71.668	67.07	70.262	-0.694	-1.406	46	泽克斯在教团里可是大人物！你就从来不看资料吗？	English audio word alignment + nearby speech-boundary refinement
A4S02P02	10	71.531	73.664	70.628	71.628	-0.903	-2.036	8	去你的。	English audio word alignment + nearby speech-boundary refinement
A4S02P02	11	72.811	76.459	71.94	74.198	-0.871	-2.261	24	泽克斯，宝贝，你死定了。	English audio word alignment + nearby speech-boundary refinement
A4S03P04	1	2.121	9.097	1.156	8.406	-0.965	-0.691	70	而且一定得保持下去。如果卡根说的是真的，世界上还有其他像他一样的领主。	English audio word alignment + nearby speech-boundary refinement
A4S03P04	2	7.105	13.697	8.644	11.92	1.539	-1.777	36	他们一旦得知卡根倒台，很快就会赶来，	English audio word alignment + nearby speech-boundary refinement
A4S03P04	3	12.292	17.284	11.96	17.046	-0.332	-0.238	50	抢夺他的地盘。他们不会独自前来，也不会跟我们谈判。	English audio word alignment + nearby speech-boundary refinement
A4S03P04	4	41.068	44.332	40.516	42.422	-0.552	-1.91	24	硫磺会那边呢，有消息吗？	English audio word alignment + nearby speech-boundary refinement
A4S03P04	5	44.797	52.797	42.628	49.75	-2.169	-3.047	76	没有，但如果硫磺会还在，就说明他们早有准备。我不指望他们会张开双臂欢迎我们。	English audio word alignment + nearby speech-boundary refinement
A4S03P04	6	48.028	54.364	49.924	53.32	1.896	-1.044	30	我想他们一定划清了界限，向一切	English audio word alignment + nearby speech-boundary refinement
A4S03P04	7	52.802	57.666	53.36	56.79	0.558	-0.876	38	跟吸血鬼沾边的东西宣战，也包括你和我。	English audio word alignment + nearby speech-boundary refinement
A4S03P04	8	57.479	58.479	56.868	57.868	-0.611	-0.611	8	找掩护！	English audio word alignment + nearby speech-boundary refinement
A4S03P04	9	84.132	87.032	82.88	85.35	-1.252	-1.682	20	别担心，你们安全了。	English audio word alignment + nearby speech-boundary refinement
A4S03P04	10	123.251	127.795	122.42	126.11	-0.831	-1.685	40	塞弗林，接下来这几年，恐怕会很有意思……	English audio word alignment + nearby speech-boundary refinement
